OrderID,OrderDate,CustomerID,ProductID,Region,Quantity,UnitPrice,Discount,GrossSales,DiscountAmount,SalesAmount,Cost,Profit
O00001,2024-09-22,C0080,P002,North,5.0,65000,0.1,325000,32500.0,292500.0,220527.82,71972.18
O00002,2025-08-27,C0045,P015,West,1.0,500,0.0,500,0.0,500.0,396.17,103.83
O00003,2024-01-08,C0099,P003,East,2.0,42000,0.05,84000,4200.0,79800.0,47199.84,32600.16
O00004,2025-10-17,C0007,P007,South,2.0,9000,0.0,18000,0.0,18000.0,11553.08,6446.92
O00005,2025-01-31,C0018,P004,South,1.0,22000,0.0,22000,0.0,22000.0,14187.01,7812.99
O00006,2024-04-12,C0097,P013,East,1.0,10500,0.1,10500,1050.0,9450.0,6739.26,2710.74
O00007,2024-08-08,C0029,P006,West,1.0,3200,0.1,3200,320.0,2880.0,2181.36,698.64
O00008,2025-02-09,C0032,P012,West,3.0,14500,0.1,43500,4350.0,39150.0,33210.33,5939.67
O00009,2024-08-18,C0080,P002,South,1.0,65000,0.0,65000,0.0,65000.0,41328.84,23671.16
O00010,2024-03-20,C0019,P007,West,1.0,9000,0.05,9000,450.0,8550.0,6759.09,1790.91
O00011,2025-05-01,C0052,P014,,1.0,700,0.02,700,14.0,686.0,412.68,273.32
O00012,2025-05-06,C0029,P014,South,4.0,700,0.15,2800,420.0,2380.0,1963.91,416.09
O00013,2024-03-27,C0020,P004,West,4.0,22000,0.05,88000,4400.0,83600.0,57312.09,26287.91
O00014,2024-07-24,C0097,P006,South,5.0,3200,0.1,16000,1600.0,14400.0,11129.39,3270.61
O00015,2024-06-27,C0020,P007,South,1.0,9000,0.0,9000,0.0,9000.0,5211.83,3788.17
O00016,2025-04-27,C0010,P009,North,2.0,1800,0.05,3600,180.0,3420.0,2906.77,513.23
O00017,2025-06-17,C0068,P009,South,3.0,1800,0.1,5400,540.0,4860.0,4291.26,568.74
O00018,2025-06-15,C0087,P002,South,4.0,65000,0.02,260000,5200.0,254800.0,201013.02,53786.98
O00019,2025-11-17,C0013,P012,East,1.0,14500,0.05,14500,725.0,13775.0,11470.24,2304.76
O00020,2025-07-15,C0071,P004,South,2.0,22000,0.05,44000,2200.0,41800.0,25942.65,15857.35
O00021,2024-08-22,C0055,P005,North,,4500,0.15,13500,2025.0,11475.0,9261.07,2213.93
O00022,2024-03-19,C0084,P013,West,1.0,10500,0.0,10500,0.0,10500.0,6676.27,3823.73
O00023,2025-03-25,C0013,P011,South,2.0,2200,0.1,4400,440.0,3960.0,3474.21,485.79
O00024,2025-10-31,C0098,P006,West,4.0,3200,0.02,12800,256.0,12544.0,7694.7,4849.3
O00025,2025-12-13,C0062,P014,North,3.0,700,0.05,2100,105.0,1995.0,1279.71,715.29
O00026,2024-06-17,C0085,P006,East,3.0,3200,0.05,9600,480.0,9120.0,7059.96,2060.04
O00027,2024-06-21,C0037,P009,South,3.0,1800,0.02,5400,108.0,5292.0,3099.62,2192.38
O00028,2024-01-28,C0095,P004,West,5.0,22000,0.15,110000,16500.0,93500.0,82251.31,11248.69
O00029,2024-04-13,C0063,P003,North,3.0,42000,0.1,126000,12600.0,113400.0,78421.69,34978.31
O00030,2025-02-09,C0013,P008,West,3.0,12000,0.15,36000,5400.0,30600.0,26224.29,4375.71
O00031,2025-02-03,C0093,P008,South,5.0,1800,0.15,9000,1350.0,7650.0,7071.48,578.52
O00032,2024-09-28,C0080,P013,East,1.0,10500,0.05,10500,525.0,9975.0,7503.25,2471.75
O00033,2024-08-14,C0031,P006,South,1.0,3200,0.05,3200,160.0,3040.0,1943.76,1096.24
O00034,2025-08-29,C0055,P014,North,3.0,700,0.1,2100,210.0,1890.0,1182.88,707.12
O00035,2024-12-02,C0039,P010,South,2.0,1200,0.0,2400,0.0,2400.0,1348.91,1051.09
O00036,2025-08-13,C0055,P002,North,2.0,65000,0.1,130000,13000.0,117000.0,74617.3,42382.7
O00037,2025-12-05,C0097,P012,South,1.0,14500,0.05,14500,725.0,13775.0,10244.99,3530.01
O00038,2024-08-19,C0090,P009,East,5.0,1800,0.05,9000,450.0,8550.0,5796.17,2753.83
O00039,2024-05-28,C0022,P006,South,4.0,3200,0.02,12800,256.0,12544.0,7880.18,4663.82
O00040,2025-11-27,C0098,P008,North,4.0,12000,0.02,48000,960.0,47040.0,29242.21,17797.79
O00041,2025-04-09,C0044,P005,North,1.0,4500,0.0,4500,0.0,4500.0,3627.53,872.47
O00042,2024-07-31,C0071,P010,North,2.0,1200,0.02,2400,48.0,2352.0,1396.99,955.01
O00043,2025-03-30,C0077,P009,North,4.0,1800,0.02,7200,144.0,7056.0,4552.56,2503.44
O00044,2025-01-11,C0049,P007,East,3.0,9000,0.0,27000,0.0,27000.0,18287.07,8712.93
O00045,2025-10-23,C0046,P005,North,4.0,4500,0.0,18000,0.0,18000.0,9902.18,8097.82
O00046,2024-07-06,C0046,P006,West,4.0,3200,0.05,12800,640.0,12160.0,10222.81,1937.19
O00047,2025-12-25,C0087,P008,North,3.0,12000,0.02,36000,720.0,35280.0,20763.24,14516.76
O00048,2025-11-15,C0039,P008,North,4.0,12000,0.1,48000,4800.0,43200.0,35244.82,7955.18
O00049,2024-05-12,C0028,P005,West,2.0,4500,0.0,9000,0.0,9000.0,6478.14,2521.86
O00050,2024-04-30,C0037,P009,North,1.0,1800,0.05,1800,90.0,1710.0,1383.21,326.79
O00051,2025-01-24,C0020,P004,South,5.0,22000,0.0,110000,0.0,110000.0,79846.22,30153.78
O00052,2024-02-02,C0040,P008,West,1.0,12000,0.05,12000,600.0,11400.0,9092.82,2307.18
O00053,2024-08-06,C0012,P002,West,2.0,65000,0.05,130000,6500.0,123500.0,86285.83,37214.17
O00054,2024-11-14,C0009,P008,East,1.0,12000,0.05,12000,600.0,11400.0,8183.4,3216.6
O00055,2025-12-09,C0073,P012,North,2.0,14500,0.02,29000,580.0,28420.0,21444.01,6975.99
O00056,2025-12-26,C0008,P013,East,2.0,10500,0.05,21000,1050.0,19950.0,14772.98,5177.02
O00057,2024-04-20,C0057,P011,West,1.0,2200,0.0,2200,0.0,2200.0,1513.85,686.15
O00058,2025-10-13,C0078,P012,West,3.0,14500,0.05,43500,2175.0,41325.0,26339.28,14985.72
O00059,2024-03-07,C0073,P001,North,5.0,85000,0.02,425000,8500.0,416500.0,263367.92,153132.08
O00060,2025-07-01,C0045,P006,South,1.0,3200,0.05,3200,160.0,3040.0,2069.74,970.26
O00061,2025-09-10,C0020,P010,North,5.0,1200,0.02,6000,120.0,5880.0,3315.04,2564.96
O00062,2025-10-13,C0094,P013,North,3.0,10500,0.1,31500,3150.0,28350.0,20874.68,7475.32
O00063,2024-06-12,C0084,P009,East,3.0,1800,0.02,5400,108.0,5292.0,2974.04,2317.96
O00064,2025-10-15,C0062,P013,North,3.0,10500,0.0,31500,0.0,31500.0,22130.46,9369.54
O00065,2024-03-25,C0009,P005,South,2.0,4500,0.02,9000,180.0,8820.0,6660.79,2159.21
O00066,2025-01-14,C0004,P003,North,1.0,42000,0.0,42000,0.0,42000.0,29474.77,12525.23
O00067,2024-12-09,C0032,P002,South,3.0,65000,0.05,195000,9750.0,185250.0,143763.83,41486.17
O00068,2024-08-18,C0016,P009,North,5.0,1800,0.1,9000,900.0,8100.0,4950.03,3149.97
O00069,2024-01-17,C0087,P010,South,3.0,1200,0.1,3600,360.0,3240.0,2037.78,1202.22
O00070,2025-07-18,C0021,P005,North,3.0,4500,0.02,13500,270.0,13230.0,9970.9,3259.1
O00071,2024-09-02,C0029,P012,West,4.0,14500,0.0,58000,0.0,58000.0,44473.42,13526.58
O00072,2025-04-28,C0098,P012,North,2.0,14500,0.1,29000,2900.0,26100.0,21569.6,4530.4
O00073,2024-10-26,C0082,P006,South,1.0,3200,0.0,3200,0.0,3200.0,2332.84,867.16
O00074,2024-09-30,C0022,P004,North,3.0,22000,0.02,66000,1320.0,64680.0,48905.56,15774.44
O00075,2025-10-09,C0039,P012,North,5.0,14500,0.1,72500,7250.0,65250.0,54352.47,10897.53
O00076,2024-03-10,C0052,P011,North,2.0,2200,0.02,4400,88.0,4312.0,3280.56,1031.44
O00077,2025-06-22,C0067,P003,North,5.0,42000,0.0,210000,0.0,210000.0,157345.08,52654.92
O00078,2025-06-29,C0094,P004,North,5.0,22000,0.02,110000,2200.0,107800.0,62698.39,45101.61
O00079,2024-10-04,C0088,P008,South,2.0,12000,0.05,24000,1200.0,22800.0,13610.0,9190.0
O00080,2024-07-10,C0098,P008,East,3.0,12000,0.0,36000,0.0,36000.0,23310.09,12689.91
O00081,2024-01-04,C0005,P003,North,4.0,42000,0.05,168000,8400.0,159600.0,116331.79,43268.21
O00082,2025-11-15,C0024,P015,South,3.0,500,0.02,1500,30.0,1470.0,1133.86,336.14
O00083,2025-11-23,C0057,P006,East,4.0,3200,0.02,12800,256.0,12544.0,8196.75,4347.25
O00084,2024-06-25,C0005,P006,North,5.0,3200,0.0,16000,0.0,16000.0,9988.51,6011.49
O00085,2024-01-24,C0036,P001,South,4.0,85000,0.1,340000,34000.0,306000.0,258736.95,47263.05
O00086,2024-03-30,C0016,P014,North,5.0,700,0.02,3500,70.0,3430.0,2160.62,1269.38
O00087,2024-02-19,C0094,P004,North,5.0,22000,0.05,110000,5500.0,104500.0,84878.99,19621.01
O00088,2025-08-30,C0007,P015,South,5.0,500,0.02,2500,50.0,2450.0,1494.57,955.43
O00089,2025-10-13,C0015,P008,West,5.0,12000,0.0,60000,0.0,60000.0,38823.47,21176.53
O00090,2024-04-22,C0020,P014,West,2.0,700,0.02,1400,28.0,1372.0,921.61,450.39
O00091,2025-06-29,C0015,P003,West,1.0,42000,0.05,42000,2100.0,39900.0,26496.45,13403.55
O00092,2024-05-11,C0057,P003,South,1.0,42000,0.05,42000,2100.0,39900.0,23138.07,16761.93
O00093,2024-09-25,C0037,P013,North,2.0,10500,0.1,21000,2100.0,18900.0,12885.34,6014.66
O00094,2025-03-14,C0092,P013,South,4.0,10500,0.1,42000,4200.0,37800.0,26928.99,10871.01
O00095,2025-06-10,C0027,P009,North,3.0,1800,0.1,5400,540.0,4860.0,3427.27,1432.73
O00096,2025-10-01,C0054,P001,North,3.0,85000,0.05,255000,12750.0,242250.0,194335.5,47914.5
O00097,2024-02-02,C0067,P015,North,1.0,500,0.05,500,25.0,475.0,281.39,193.61
O00098,2024-05-23,C0063,P006,South,4.0,3200,0.05,12800,640.0,12160.0,8384.21,3775.79
O00099,2024-07-24,C0080,P015,South,2.0,500,0.02,1000,20.0,980.0,560.13,419.87
O00100,2024-08-14,C0021,P014,North,4.0,700,0.1,2800,280.0,2520.0,2243.57,276.43
O00101,2025-12-30,C0051,P013,East,1.0,10500,0.1,10500,1050.0,9450.0,8015.24,1434.76
O00102,2025-07-22,C0081,P011,South,2.0,2200,0.02,4400,88.0,4312.0,3586.81,725.19
O00103,2024-08-22,C0087,P011,West,1.0,2200,0.1,2200,220.0,1980.0,1750.64,229.36
O00104,2025-12-11,C0062,P008,North,2.0,12000,0.1,24000,2400.0,21600.0,15246.47,6353.53
O00105,2024-12-30,C0066,P001,South,5.0,85000,0.02,425000,8500.0,416500.0,313109.2,103390.8
O00106,2025-01-01,C0087,P006,North,3.0,3200,0.1,9600,960.0,8640.0,6074.59,2565.41
O00107,2024-11-13,C0063,P011,South,3.0,2200,0.0,6600,0.0,6600.0,5212.79,1387.21
O00108,2024-04-15,C0095,P013,North,2.0,10500,0.0,21000,0.0,21000.0,13878.97,7121.03
O00109,2025-11-14,C0013,P009,North,2.0,1800,0.02,3600,72.0,3528.0,2345.36,1182.64
O00110,2024-01-11,C0035,P011,East,4.0,2200,0.05,8800,440.0,8360.0,7011.83,1348.17
O00111,2024-05-07,C0012,P001,North,5.0,85000,0.02,425000,8500.0,416500.0,329765.95,86734.05
O00112,2024-06-16,C0010,P008,North,4.0,12000,0.1,48000,4800.0,43200.0,38924.72,4275.28
O00113,2024-07-23,C0048,P008,West,4.0,12000,0.02,48000,960.0,47040.0,27261.69,19778.31
O00114,2024-04-06,C0023,P014,North,3.0,700,0.02,2100,42.0,2058.0,1292.97,765.03
O00115,2024-01-14,C0041,P005,East,1.0,4500,0.05,4500,225.0,4275.0,2840.54,1434.46
O00116,2025-05-10,C0044,P004,South,4.0,22000,0.0,88000,0.0,88000.0,58482.6,29517.4
O00117,2025-12-09,C0063,P006,North,5.0,3200,0.05,16000,800.0,15200.0,10843.92,4356.08
O00118,2024-03-30,C0095,P003,South,3.0,42000,0.02,126000,2520.0,123480.0,79215.89,44264.11
O00119,2024-08-04,C0085,P009,North,1.0,1800,0.15,1800,270.0,1530.0,1374.16,155.84
O00120,2025-01-05,C0038,P010,East,4.0,1200,0.05,4800,240.0,4560.0,2929.32,1630.68
O00121,2025-11-09,C0033,P013,North,5.0,10500,0.0,52500,0.0,52500.0,38748.13,13751.87
O00122,2025-05-22,C0078,P015,North,2.0,500,0.0,1000,0.0,1000.0,779.98,220.02
O00123,2025-07-14,C0013,P002,North,1.0,65000,0.0,65000,0.0,65000.0,46344.9,18655.1
O00124,2025-02-28,C0055,P004,West,4.0,22000,0.15,88000,13200.0,74800.0,56814.82,17985.18
O00125,2024-10-31,C0043,P005,West,2.0,4500,0.05,9000,450.0,8550.0,5406.58,3143.42
O00126,2024-05-26,C0019,P004,West,4.0,22000,0.02,88000,1760.0,86240.0,51592.07,34647.93
O00127,2025-09-23,C0062,P013,East,4.0,10500,0.0,42000,0.0,42000.0,31538.94,10461.06
O00128,2025-08-10,C0033,P003,East,2.0,42000,0.1,84000,8400.0,75600.0,56839.91,18760.09
O00129,2024-01-19,C0019,P001,South,1.0,85000,0.0,85000,0.0,85000.0,47813.03,37186.97
O00130,2025-06-06,C0066,P013,West,3.0,10500,0.05,31500,1575.0,29925.0,25692.56,4232.44
O00131,2024-03-02,C0018,P015,South,3.0,500,0.1,1500,150.0,1350.0,1096.88,253.12
O00132,2025-06-24,C0068,P004,South,5.0,22000,0.02,110000,2200.0,107800.0,85572.22,22227.78
O00133,2025-08-26,C0017,P005,East,2.0,4500,0.05,9000,450.0,8550.0,6014.8,2535.2
O00134,2024-04-05,C0044,P008,South,2.0,12000,0.0,24000,0.0,24000.0,19391.24,4608.76
O00135,2024-11-13,C0081,P008,North,5.0,12000,0.02,60000,1200.0,58800.0,36232.31,22567.69
O00136,2024-03-31,C0023,P015,South,4.0,500,0.15,2000,300.0,1700.0,1199.97,500.03
O00137,2025-02-18,C0077,P007,North,4.0,9000,0.05,36000,1800.0,34200.0,28454.05,5745.95
O00138,2025-11-09,C0073,P001,West,5.0,85000,0.1,425000,42500.0,382500.0,336074.53,46425.47
O00139,2024-02-29,C0091,P007,South,4.0,9000,0.05,36000,1800.0,34200.0,24650.47,9549.53
O00140,2024-10-17,C0017,P009,West,5.0,1800,0.0,9000,0.0,9000.0,5255.66,3744.34
O00141,2025-12-12,C0072,P008,South,4.0,12000,0.05,48000,2400.0,45600.0,30355.61,15244.39
O00142,2024-08-07,C0094,P008,East,3.0,12000,0.05,36000,1800.0,34200.0,27130.36,7069.64
O00143,2024-04-06,C0077,P014,North,1.0,700,0.0,700,0.0,700.0,544.89,155.11
O00144,2024-12-23,C0019,P013,West,4.0,10500,0.02,42000,840.0,41160.0,27042.4,14117.6
O00145,2025-01-06,C0083,P004,South,4.0,22000,0.05,88000,4400.0,83600.0,49854.91,33745.09
O00146,2025-04-29,C0011,P006,North,5.0,3200,0.05,16000,800.0,15200.0,11675.94,3524.06
O00147,2024-08-17,C0059,P011,North,4.0,2200,0.0,8800,0.0,8800.0,6597.04,2202.96
O00148,2025-11-29,C0050,P007,North,3.0,9000,0.1,27000,2700.0,24300.0,17941.07,6358.93
O00149,2025-01-15,C0054,P007,South,3.0,9000,0.02,27000,540.0,26460.0,19100.78,7359.22
O00150,2024-07-28,C0052,P003,East,1.0,42000,0.02,42000,840.0,41160.0,34296.79,6863.21
O00151,2025-12-02,C0004,P004,West,1.0,22000,0.0,22000,0.0,22000.0,13555.29,8444.71
O00152,2025-11-07,C0051,P012,East,1.0,14500,0.1,14500,1450.0,13050.0,10218.21,2831.79
O00153,2024-12-30,C0094,P013,South,5.0,10500,0.02,52500,1050.0,51450.0,37535.36,13914.64
O00154,2024-01-19,C0044,P012,South,4.0,14500,0.05,58000,2900.0,55100.0,40499.02,14600.98
O00155,2025-03-12,C0028,P005,West,2.0,4500,0.0,9000,0.0,9000.0,7061.98,1938.02
O00156,2025-02-09,C0100,P003,West,3.0,42000,0.05,126000,6300.0,119700.0,89882.36,29817.64
O00157,2024-04-18,C0010,P003,North,3.0,42000,0.1,126000,12600.0,113400.0,86578.42,26821.58
O00158,2025-04-08,C0049,P006,West,2.0,3200,0.02,6400,128.0,6272.0,3732.57,2539.43
O00159,2025-09-06,C0052,P008,South,3.0,12000,0.1,36000,3600.0,32400.0,26635.19,5764.81
O00160,2024-03-18,C0048,P014,West,2.0,700,0.0,1400,0.0,1400.0,819.94,580.06
O00161,2025-06-12,C0093,P014,West,4.0,700,0.0,2800,0.0,2800.0,1560.09,1239.91
O00162,2024-04-12,C0043,P001,East,4.0,85000,0.05,340000,17000.0,323000.0,231847.16,91152.84
O00163,2025-07-01,C0098,P011,North,1.0,2200,0.05,2200,110.0,2090.0,1550.03,539.97
O00164,2024-11-02,C0007,P005,East,3.0,4500,0.02,13500,270.0,13230.0,11066.55,2163.45
O00165,2024-01-05,C0074,P003,North,5.0,42000,0.05,210000,10500.0,199500.0,155888.93,43611.07
O00166,2025-12-07,C0060,P009,West,5.0,1800,0.02,9000,180.0,8820.0,7012.07,1807.93
O00167,2024-05-01,C0025,P001,North,4.0,85000,0.05,340000,17000.0,323000.0,218798.42,104201.58
O00168,2025-03-11,C0023,P006,East,4.0,3200,0.05,12800,640.0,12160.0,8798.81,3361.19
O00169,2024-05-12,C0072,P009,West,1.0,1800,0.15,1800,270.0,1530.0,1463.49,66.51
O00170,2025-11-13,C0064,P005,North,5.0,4500,0.05,22500,1125.0,21375.0,14910.64,6464.36
O00171,2025-06-23,C0062,P009,South,4.0,1800,0.05,7200,360.0,6840.0,5529.37,1310.63
O00172,2025-08-10,C0006,P007,East,5.0,9000,0.05,45000,2250.0,42750.0,31140.77,11609.23
O00173,2024-11-11,C0060,P012,South,5.0,14500,0.02,72500,1450.0,71050.0,44259.05,26790.95
O00174,2024-12-07,C0099,P003,North,2.0,42000,0.02,84000,1680.0,82320.0,59363.89,22956.11
O00175,2025-04-08,C0002,P001,North,1.0,85000,0.15,85000,12750.0,72250.0,51754.52,20495.48
O00176,2025-07-27,C0047,P008,South,4.0,12000,0.0,48000,0.0,48000.0,26439.23,21560.77
O00177,2025-09-11,C0050,P004,East,3.0,22000,0.1,66000,6600.0,59400.0,40503.67,18896.33
O00178,2024-01-14,C0090,P011,East,1.0,2200,0.0,2200,0.0,2200.0,1324.73,875.27
O00179,2025-04-30,C0029,P002,North,2.0,65000,0.1,130000,13000.0,117000.0,84519.33,32480.67
O00180,2024-03-20,C0048,P009,South,5.0,1800,0.0,9000,0.0,9000.0,7109.29,1890.71
O00181,2024-07-29,C0072,P015,South,2.0,500,0.15,1000,150.0,850.0,654.72,195.28
O00182,2025-08-29,C0007,P002,North,2.0,65000,0.05,130000,6500.0,123500.0,101166.09,22333.91
O00183,2024-07-02,C0081,P005,East,4.0,4500,0.0,18000,0.0,18000.0,12600.28,5399.72
O00184,2025-08-05,C0083,P013,North,4.0,10500,0.05,42000,2100.0,39900.0,23186.35,16713.65
O00185,2024-12-04,C0072,P009,South,2.0,1800,0.05,3600,180.0,3420.0,2163.45,1256.55
O00186,2024-06-19,C0065,P003,West,5.0,42000,0.02,210000,4200.0,205800.0,168303.47,37496.53
O00187,2024-09-01,C0075,P004,South,3.0,22000,0.02,66000,1320.0,64680.0,47066.37,17613.63
O00188,2025-01-22,C0079,P012,East,1.0,14500,0.05,14500,725.0,13775.0,11614.18,2160.82
O00189,2025-07-13,C0091,P013,North,2.0,10500,0.05,21000,1050.0,19950.0,13308.38,6641.62
O00190,2025-03-18,C0043,P006,North,5.0,3200,0.02,16000,320.0,15680.0,11895.55,3784.45
O00191,2025-11-13,C0046,P008,North,1.0,12000,0.1,12000,1200.0,10800.0,9101.36,1698.64
O00192,2025-09-26,C0064,P012,West,1.0,14500,0.02,14500,290.0,14210.0,11794.86,2415.14
O00193,2025-07-04,C0020,P003,West,4.0,42000,0.0,168000,0.0,168000.0,93224.49,74775.51
O00194,2025-03-16,C0086,P004,North,3.0,22000,0.05,66000,3300.0,62700.0,53268.87,9431.13
O00195,2024-07-30,C0078,P012,North,2.0,14500,0.0,29000,0.0,29000.0,19016.15,9983.85
O00196,2024-10-28,C0064,P003,South,3.0,42000,0.02,126000,2520.0,123480.0,97808.5,25671.5
O00197,2024-03-27,C0031,P012,East,1.0,14500,0.05,14500,725.0,13775.0,10107.55,3667.45
O00198,2024-09-30,C0035,P008,East,2.0,12000,0.02,24000,480.0,23520.0,16858.93,6661.07
O00199,2025-11-08,C0044,P015,East,2.0,500,0.0,1000,0.0,1000.0,647.03,352.97
O00200,2024-11-07,C0067,P001,West,3.0,85000,0.05,255000,12750.0,242250.0,197290.34,44959.66
O00201,2024-03-24,C0078,P015,North,4.0,500,0.05,2000,100.0,1900.0,1242.57,657.43
O00202,2025-04-21,C0068,P004,East,5.0,22000,0.1,110000,11000.0,99000.0,75119.57,23880.43
O00203,2025-12-04,C0093,P001,South,1.0,85000,0.05,85000,4250.0,80750.0,59606.0,21144.0
O00204,2025-09-26,C0097,P011,North,2.0,2200,0.05,4400,220.0,4180.0,3302.12,877.88
O00205,2024-07-19,C0071,P008,West,2.0,12000,0.02,24000,480.0,23520.0,16256.2,7263.8
O00206,2024-11-27,C0038,P013,North,3.0,10500,0.1,31500,3150.0,28350.0,23110.81,5239.19
O00207,2025-01-23,C0060,P002,East,3.0,65000,0.0,195000,0.0,195000.0,132800.73,62199.27
O00208,2024-06-30,C0043,P002,East,5.0,65000,0.0,325000,0.0,325000.0,236605.39,88394.61
O00209,2024-07-15,C0063,P009,West,5.0,1800,0.1,9000,900.0,8100.0,6588.17,1511.83
O00210,2024-06-22,C0082,P014,South,4.0,700,0.05,2800,140.0,2660.0,2076.34,583.66
O00211,2025-12-28,C0037,P007,South,1.0,9000,0.05,9000,450.0,8550.0,6950.62,1599.38
O00212,2025-06-29,C0051,P012,West,1.0,14500,0.0,14500,0.0,14500.0,10091.93,4408.07
O00213,2025-09-06,C0005,P014,West,5.0,700,0.0,3500,0.0,3500.0,2107.65,1392.35
O00214,2025-08-19,C0074,P014,South,5.0,700,0.05,3500,175.0,3325.0,2567.26,757.74
O00215,2025-12-02,C0049,P008,West,2.0,12000,0.05,24000,1200.0,22800.0,13699.73,9100.27
O00216,2024-03-17,C0046,P011,North,1.0,2200,0.05,2200,110.0,2090.0,1340.06,749.94
O00217,2025-10-06,C0054,P008,East,4.0,12000,0.0,48000,0.0,48000.0,36666.36,11333.64
O00218,2024-02-18,C0022,P011,West,3.0,2200,0.0,6600,0.0,6600.0,4405.29,2194.71
O00219,2024-12-13,C0060,P009,North,5.0,1800,0.05,9000,450.0,8550.0,6160.25,2389.75
O00220,2025-03-10,C0075,P008,South,3.0,12000,0.05,36000,1800.0,34200.0,29397.5,4802.5
O00221,2024-09-18,C0035,P007,West,4.0,9000,0.0,36000,0.0,36000.0,22085.88,13914.12
O00222,2024-04-16,C0014,P010,West,4.0,1200,0.0,4800,0.0,4800.0,2665.34,2134.66
O00223,2024-05-20,C0039,P012,West,1.0,14500,0.02,14500,290.0,14210.0,8411.02,5798.98
O00224,2025-08-25,C0020,P014,South,1.0,700,0.0,700,0.0,700.0,431.21,268.79
O00225,2024-08-20,C0038,P010,West,4.0,1200,0.05,4800,240.0,4560.0,3580.79,979.21
O00226,2024-08-14,C0063,P002,North,1.0,65000,0.0,65000,0.0,65000.0,49365.68,15634.32
O00227,2025-11-05,C0012,P009,South,2.0,1800,0.05,3600,180.0,3420.0,2529.66,890.34
O00228,2024-04-15,C0075,P005,South,4.0,4500,0.1,18000,1800.0,16200.0,11139.53,5060.47
O00229,2025-10-31,C0023,P001,West,2.0,85000,0.15,170000,25500.0,144500.0,117447.95,27052.05
O00230,2025-11-04,C0090,P002,West,1.0,65000,0.1,65000,6500.0,58500.0,36012.51,22487.49
O00231,2025-03-13,C0074,P009,East,1.0,1800,0.02,1800,36.0,1764.0,1321.36,442.64
O00232,2024-05-01,C0028,P015,East,3.0,500,0.0,1500,0.0,1500.0,1073.79,426.21
O00233,2024-04-23,C0057,P008,South,4.0,12000,0.02,48000,960.0,47040.0,26682.48,20357.52
O00234,2024-07-27,C0012,P007,South,4.0,9000,0.05,36000,1800.0,34200.0,27741.35,6458.65
O00235,2025-02-26,C0010,P002,South,5.0,65000,0.0,325000,0.0,325000.0,245740.68,79259.32
O00236,2024-04-22,C0096,P011,North,4.0,2200,0.02,8800,176.0,8624.0,5572.34,3051.66
O00237,2024-11-29,C0081,P001,South,4.0,85000,0.02,340000,6800.0,333200.0,245327.58,87872.42
O00238,2024-03-25,C0016,P013,West,2.0,10500,0.0,21000,0.0,21000.0,14960.47,6039.53
O00239,2025-01-29,C0029,P013,East,2.0,10500,0.05,21000,1050.0,19950.0,12361.83,7588.17
O00240,2024-01-16,C0020,P015,West,2.0,500,0.05,1000,50.0,950.0,602.18,347.82
O00241,2025-06-02,C0040,P005,South,1.0,4500,0.05,4500,225.0,4275.0,3305.1,969.9
O00242,2024-02-10,C0030,P003,South,5.0,42000,0.1,210000,21000.0,189000.0,168432.38,20567.62
O00243,2024-05-22,C0033,P005,North,2.0,4500,0.0,9000,0.0,9000.0,6350.37,2649.63
O00244,2024-05-07,C0053,P012,South,3.0,14500,0.0,43500,0.0,43500.0,30593.97,12906.03
O00245,2025-08-30,C0019,P004,South,2.0,22000,0.02,44000,880.0,43120.0,31882.58,11237.42
O00246,2024-02-09,C0089,P014,North,1.0,700,0.05,700,35.0,665.0,468.27,196.73
O00247,2024-11-09,C0073,P003,North,5.0,42000,0.05,210000,10500.0,199500.0,118571.55,80928.45
O00248,2025-03-08,C0077,P001,East,2.0,85000,0.0,170000,0.0,170000.0,111699.53,58300.47
O00249,2025-01-12,C0017,P004,South,1.0,22000,0.15,22000,3300.0,18700.0,17447.5,1252.5
O00250,2025-05-12,C0071,P012,South,2.0,14500,0.02,29000,580.0,28420.0,22252.73,6167.27
O00251,2025-08-10,C0084,P010,North,1.0,1200,0.02,1200,24.0,1176.0,960.49,215.51
O00252,2024-10-14,C0018,P006,South,5.0,3200,0.05,16000,800.0,15200.0,9460.23,5739.77
O00253,2025-08-28,C0076,P010,South,1.0,1200,0.1,1200,120.0,1080.0,823.93,256.07
O00254,2024-08-20,C0036,P010,South,2.0,1200,0.05,2400,120.0,2280.0,1698.9,581.1
O00255,2025-12-20,C0079,P009,East,2.0,1800,0.15,3600,540.0,3060.0,2184.05,875.95
O00256,2025-01-03,C0048,P008,North,1.0,12000,0.0,12000,0.0,12000.0,7251.14,4748.86
O00257,2025-06-22,C0081,P002,West,1.0,65000,0.05,65000,3250.0,61750.0,49474.68,12275.32
O00258,2025-10-01,C0015,P004,North,3.0,22000,0.1,66000,6600.0,59400.0,48272.4,11127.6
O00259,2025-08-02,C0039,P008,South,2.0,12000,0.05,24000,1200.0,22800.0,17393.78,5406.22
O00260,2025-09-14,C0028,P003,North,1.0,42000,0.02,42000,840.0,41160.0,26127.64,15032.36
O00261,2025-01-27,C0025,P008,South,2.0,12000,0.15,24000,3600.0,20400.0,16483.87,3916.13
O00262,2024-02-01,C0031,P002,North,2.0,65000,0.0,130000,0.0,130000.0,72309.76,57690.24
O00263,2024-12-26,C0039,P012,West,3.0,14500,0.02,43500,870.0,42630.0,25451.22,17178.78
O00264,2024-05-12,C0013,P002,South,5.0,65000,0.1,325000,32500.0,292500.0,224226.51,68273.49
O00265,2025-10-11,C0071,P002,East,2.0,65000,0.1,130000,13000.0,117000.0,82369.5,34630.5
O00266,2024-06-22,C0056,P010,North,4.0,1200,0.15,4800,720.0,4080.0,3891.51,188.49
O00267,2024-06-15,C0083,P004,North,4.0,22000,0.1,88000,8800.0,79200.0,59602.48,19597.52
O00268,2024-07-01,C0071,P006,South,1.0,3200,0.0,3200,0.0,3200.0,1832.2,1367.8
O00269,2025-04-14,C0015,P005,South,3.0,4500,0.1,13500,1350.0,12150.0,7490.04,4659.96
O00270,2025-02-21,C0007,P004,South,3.0,22000,0.02,66000,1320.0,64680.0,49224.1,15455.9
O00271,2025-11-24,C0043,P012,West,3.0,14500,0.05,43500,2175.0,41325.0,25939.35,15385.65
O00272,2024-10-31,C0049,P011,East,1.0,2200,0.02,2200,44.0,2156.0,1321.56,834.44
O00273,2024-07-25,C0025,P004,West,3.0,22000,0.1,66000,6600.0,59400.0,43852.24,15547.76
O00274,2024-02-06,C0079,P011,North,1.0,2200,0.05,2200,110.0,2090.0,1366.85,723.15
O00275,2024-01-06,C0059,P011,West,5.0,2200,0.1,11000,1100.0,9900.0,7881.23,2018.77
O00276,2024-09-30,C0075,P009,South,3.0,1800,0.0,5400,0.0,5400.0,3678.14,1721.86
O00277,2025-11-07,C0011,P009,East,1.0,1800,0.0,1800,0.0,1800.0,1044.16,755.84
O00278,2025-01-17,C0082,P015,West,3.0,500,0.02,1500,30.0,1470.0,1142.82,327.18
O00279,2025-10-15,C0021,P007,East,5.0,9000,0.0,45000,0.0,45000.0,29924.19,15075.81
O00280,2024-03-15,C0045,P006,West,4.0,3200,0.05,12800,640.0,12160.0,9151.04,3008.96
O00281,2024-03-09,C0044,P009,East,2.0,1800,0.02,3600,72.0,3528.0,1983.83,1544.17
O00282,2025-09-01,C0083,P013,North,5.0,10500,0.05,52500,2625.0,49875.0,37754.22,12120.78
O00283,2024-03-19,C0028,P011,East,1.0,2200,0.0,2200,0.0,2200.0,1378.01,821.99
O00284,2024-02-07,C0025,P002,South,2.0,65000,0.0,130000,0.0,130000.0,88852.41,41147.59
O00285,2024-10-22,C0034,P007,West,1.0,9000,0.05,9000,450.0,8550.0,5673.46,2876.54
O00286,2025-11-07,C0037,P012,West,5.0,14500,0.02,72500,1450.0,71050.0,59376.8,11673.2
O00287,2025-05-18,C0019,P004,North,4.0,22000,0.0,88000,0.0,88000.0,53884.81,34115.19
O00288,2024-03-13,C0018,P015,North,3.0,500,0.0,1500,0.0,1500.0,1194.71,305.29
O00289,2025-09-03,C0024,P013,North,4.0,10500,0.0,42000,0.0,42000.0,33509.74,8490.26
O00290,2025-09-08,C0047,P013,South,2.0,10500,0.05,21000,1050.0,19950.0,13937.07,6012.93
O00291,2025-08-08,C0035,P002,North,1.0,65000,0.0,65000,0.0,65000.0,41085.25,23914.75
O00292,2025-10-21,C0040,P009,East,5.0,1800,0.02,9000,180.0,8820.0,5875.92,2944.08
O00293,2024-06-24,C0072,P008,South,5.0,12000,0.05,60000,3000.0,57000.0,49027.29,7972.71
O00294,2025-12-17,C0025,P010,West,1.0,1200,0.05,1200,60.0,1140.0,860.49,279.51
O00295,2024-08-22,C0091,P013,North,1.0,10500,0.05,10500,525.0,9975.0,7319.45,2655.55
O00296,2025-08-09,C0076,P006,South,3.0,3200,0.02,9600,192.0,9408.0,5373.1,4034.9
O00297,2025-02-27,C0018,P009,North,1.0,1800,0.1,1800,180.0,1620.0,1402.05,217.95
O00298,2025-07-23,C0032,P011,West,4.0,2200,0.02,8800,176.0,8624.0,5039.12,3584.88
O00299,2025-04-03,C0019,P012,North,5.0,14500,0.02,72500,1450.0,71050.0,40794.48,30255.52
O00300,2025-04-14,C0028,P012,North,2.0,14500,0.1,29000,2900.0,26100.0,18102.14,7997.86
O00301,2025-03-26,C0037,P006,North,2.0,3200,0.05,6400,320.0,6080.0,4342.16,1737.84
O00302,2025-07-23,C0014,P015,West,5.0,500,0.05,2500,125.0,2375.0,1979.32,395.68
O00303,2025-06-24,C0002,P001,North,2.0,85000,0.1,170000,17000.0,153000.0,129764.62,23235.38
O00304,2024-04-08,C0044,P008,East,2.0,12000,0.0,24000,0.0,24000.0,14480.66,9519.34
O00305,2025-08-26,C0071,P010,East,1.0,1200,0.1,1200,120.0,1080.0,780.55,299.45
O00306,2025-01-26,C0031,P001,East,5.0,85000,0.05,425000,21250.0,403750.0,323282.57,80467.43
O00307,2024-08-24,C0087,P007,North,5.0,9000,0.02,45000,900.0,44100.0,31154.17,12945.83
O00308,2025-01-10,C0037,P009,North,1.0,1800,0.02,1800,36.0,1764.0,1074.8,689.2
O00309,2025-12-07,C0091,P010,South,5.0,1200,0.0,6000,0.0,6000.0,3941.61,2058.39
O00310,2025-09-18,C0024,P002,North,1.0,65000,0.1,65000,6500.0,58500.0,46735.17,11764.83
O00311,2025-09-01,C0054,P005,East,1.0,4500,0.0,4500,0.0,4500.0,3657.47,842.53
O00312,2024-12-04,C0077,P004,South,2.0,22000,0.02,44000,880.0,43120.0,32062.33,11057.67
O00313,2025-07-27,C0006,P010,South,3.0,1200,0.05,3600,180.0,3420.0,1995.74,1424.26
O00314,2024-10-08,C0094,P005,North,5.0,4500,0.05,22500,1125.0,21375.0,16657.93,4717.07
O00315,2025-05-16,C0037,P009,East,4.0,1800,0.0,7200,0.0,7200.0,4447.68,2752.32
O00316,2025-04-12,C0050,P011,North,1.0,2200,0.1,2200,220.0,1980.0,1722.12,257.88
O00317,2024-07-01,C0063,P012,East,3.0,14500,0.05,43500,2175.0,41325.0,28433.79,12891.21
O00318,2024-07-13,C0065,P003,North,5.0,42000,0.1,210000,21000.0,189000.0,126818.17,62181.83
O00319,2024-02-14,C0003,P014,West,4.0,700,0.0,2800,0.0,2800.0,1893.77,906.23
O00320,2024-04-12,C0087,P003,East,2.0,42000,0.0,84000,0.0,84000.0,51987.89,32012.11
O00321,2024-11-12,C0063,P001,North,1.0,85000,0.05,85000,4250.0,80750.0,52162.1,28587.9
O00322,2024-12-15,C0100,P001,North,3.0,85000,0.0,255000,0.0,255000.0,179719.07,75280.93
O00323,2024-04-30,C0048,P004,South,3.0,22000,0.05,66000,3300.0,62700.0,49974.11,12725.89
O00324,2024-10-31,C0062,P014,North,2.0,700,0.0,1400,0.0,1400.0,1085.61,314.39
O00325,2025-03-17,C0045,P004,North,1.0,22000,0.1,22000,2200.0,19800.0,14462.16,5337.84
O00326,2024-06-19,C0089,P011,West,1.0,2200,0.1,2200,220.0,1980.0,1249.68,730.32
O00327,2024-09-04,C0084,P007,East,3.0,9000,0.1,27000,2700.0,24300.0,18378.18,5921.82
O00328,2024-09-25,C0091,P001,North,5.0,85000,0.15,425000,63750.0,361250.0,283526.42,77723.58
O00329,2025-01-04,C0051,P007,South,3.0,9000,0.1,27000,2700.0,24300.0,16285.98,8014.02
O00330,2024-09-24,C0080,P001,North,3.0,85000,0.02,255000,5100.0,249900.0,201949.58,47950.42
O00331,2025-06-22,C0036,P008,West,5.0,12000,0.02,60000,1200.0,58800.0,48781.2,10018.8
O00332,2024-08-27,C0047,P009,North,4.0,1800,0.1,7200,720.0,6480.0,4060.6,2419.4
O00333,2024-11-13,C0077,P008,East,4.0,12000,0.1,48000,4800.0,43200.0,36712.87,6487.13
O00334,2024-10-04,C0009,P005,West,3.0,4500,0.15,13500,2025.0,11475.0,9778.64,1696.36
O00335,2024-05-13,C0072,P012,North,4.0,14500,0.1,58000,5800.0,52200.0,35994.09,16205.91
O00336,2025-05-16,C0002,P009,North,3.0,1800,0.0,5400,0.0,5400.0,3896.06,1503.94
O00337,2024-06-21,C0059,P004,South,4.0,22000,0.1,88000,8800.0,79200.0,51456.56,27743.44
O00338,2024-08-05,C0048,P007,West,4.0,9000,0.1,36000,3600.0,32400.0,20474.63,11925.37
O00339,2025-08-02,C0047,P002,South,4.0,65000,0.05,260000,13000.0,247000.0,212742.93,34257.07
O00340,2025-11-24,C0050,P014,East,5.0,700,0.1,3500,350.0,3150.0,2526.37,623.63
O00341,2025-05-05,C0050,P012,West,2.0,14500,0.05,29000,1450.0,27550.0,17932.73,9617.27
O00342,2025-10-31,C0041,P005,West,4.0,4500,0.1,18000,1800.0,16200.0,12087.17,4112.83
O00343,2025-09-16,C0046,P011,South,1.0,2200,0.0,2200,0.0,2200.0,1774.35,425.65
O00344,2024-12-17,C0057,P011,South,3.0,2200,0.1,6600,660.0,5940.0,4411.81,1528.19
O00345,2025-07-17,C0077,P010,East,5.0,1200,0.0,6000,0.0,6000.0,4758.72,1241.28
O00346,2024-08-28,C0056,P001,North,4.0,85000,0.02,340000,6800.0,333200.0,266756.68,66443.32
O00347,2024-12-02,C0065,P014,West,2.0,700,0.0,1400,0.0,1400.0,900.09,499.91
O00348,2025-01-26,C0084,P015,North,4.0,500,0.05,2000,100.0,1900.0,1475.84,424.16
O00349,2025-12-03,C0099,P015,North,2.0,500,0.0,1000,0.0,1000.0,728.33,271.67
O00350,2025-09-12,C0011,P015,West,3.0,500,0.15,1500,225.0,1275.0,1137.34,137.66
O00351,2024-12-23,C0072,P014,South,2.0,700,0.05,1400,70.0,1330.0,908.32,421.68
O00352,2025-04-22,C0023,P012,North,4.0,14500,0.1,58000,5800.0,52200.0,32718.02,19481.98
O00353,2024-05-27,C0020,P001,North,1.0,85000,0.02,85000,1700.0,83300.0,50675.35,32624.65
O00354,2025-08-11,C0080,P007,South,3.0,9000,0.0,27000,0.0,27000.0,19344.68,7655.32
O00355,2025-02-08,C0007,P004,West,5.0,22000,0.1,110000,11000.0,99000.0,83520.48,15479.52
O00356,2025-01-24,C0085,P004,North,4.0,22000,0.05,88000,4400.0,83600.0,66363.72,17236.28
O00357,2025-07-14,C0078,P013,North,3.0,10500,0.05,31500,1575.0,29925.0,22289.21,7635.79
O00358,2025-04-07,C0100,P013,South,5.0,10500,0.1,52500,5250.0,47250.0,30076.45,17173.55
O00359,2024-02-22,C0067,P008,West,1.0,12000,0.1,12000,1200.0,10800.0,6656.02,4143.98
O00360,2024-07-29,C0088,P012,North,5.0,14500,0.05,72500,3625.0,68875.0,55185.42,13689.58
O00361,2024-05-09,C0012,P002,West,2.0,65000,0.15,130000,19500.0,110500.0,90783.11,19716.89
O00362,2025-06-21,C0089,P004,West,5.0,22000,0.05,110000,5500.0,104500.0,83746.55,20753.45
O00363,2024-01-26,C0017,P013,North,5.0,10500,0.05,52500,2625.0,49875.0,31182.53,18692.47
O00364,2024-05-27,C0032,P007,West,4.0,9000,0.02,36000,720.0,35280.0,23760.15,11519.85
O00365,2025-03-12,C0013,P009,East,4.0,1800,0.0,7200,0.0,7200.0,5746.87,1453.13
O00366,2025-05-22,C0041,P007,South,4.0,9000,0.0,36000,0.0,36000.0,21467.93,14532.07
O00367,2025-01-02,C0075,P004,South,2.0,22000,0.1,44000,4400.0,39600.0,24930.94,14669.06
O00368,2025-09-21,C0027,P013,West,1.0,10500,0.05,10500,525.0,9975.0,7627.58,2347.42
O00369,2025-11-02,C0083,P012,West,2.0,14500,0.02,29000,580.0,28420.0,20605.22,7814.78
O00370,2024-04-06,C0061,P011,East,3.0,2200,0.05,6600,330.0,6270.0,5326.52,943.48
O00371,2025-11-27,C0063,P006,West,4.0,3200,0.0,12800,0.0,12800.0,10172.75,2627.25
O00372,2025-03-25,C0094,P010,South,2.0,1200,0.02,2400,48.0,2352.0,1805.63,546.37
O00373,2025-04-10,C0044,P015,West,3.0,500,0.1,1500,150.0,1350.0,832.76,517.24
O00374,2024-03-10,C0035,P010,West,1.0,1200,0.02,1200,24.0,1176.0,815.65,360.35
O00375,2025-03-30,C0100,P008,North,1.0,12000,0.0,12000,0.0,12000.0,9503.37,2496.63
O00376,2025-06-14,C0056,P005,North,5.0,4500,0.05,22500,1125.0,21375.0,15009.43,6365.57
O00377,2025-02-28,C0062,P008,South,5.0,12000,0.02,60000,1200.0,58800.0,48586.76,10213.24
O00378,2024-03-02,C0030,P006,West,5.0,3200,0.05,16000,800.0,15200.0,11618.75,3581.25
O00379,2025-01-17,C0022,P010,North,2.0,1200,0.15,2400,360.0,2040.0,1390.93,649.07
O00380,2025-11-15,C0017,P001,East,3.0,85000,0.05,255000,12750.0,242250.0,175313.38,66936.62
O00381,2025-06-12,C0023,P003,North,4.0,42000,0.05,168000,8400.0,159600.0,123953.19,35646.81
O00382,2024-04-10,C0020,P012,South,2.0,14500,0.02,29000,580.0,28420.0,16461.84,11958.16
O00383,2025-12-02,C0075,P006,East,4.0,3200,0.05,12800,640.0,12160.0,8231.11,3928.89
O00384,2025-12-01,C0006,P007,North,4.0,9000,0.02,36000,720.0,35280.0,26770.03,8509.97
O00385,2024-05-03,C0063,P009,West,3.0,1800,0.0,5400,0.0,5400.0,3199.01,2200.99
O00386,2025-08-08,C0095,P007,North,3.0,9000,0.1,27000,2700.0,24300.0,17389.4,6910.6
O00387,2024-10-24,C0077,P012,West,2.0,14500,0.02,29000,580.0,28420.0,21352.0,7068.0
O00388,2025-03-09,C0041,P004,North,5.0,22000,0.05,110000,5500.0,104500.0,83533.56,20966.44
O00389,2024-11-21,C0006,P012,West,5.0,14500,0.0,72500,0.0,72500.0,50024.87,22475.13
O00390,2025-07-26,C0084,P004,East,5.0,22000,0.1,110000,11000.0,99000.0,88918.67,10081.33
O00391,2025-12-29,C0001,P006,North,4.0,3200,0.0,12800,0.0,12800.0,10237.94,2562.06
O00392,2025-08-04,C0069,P009,North,2.0,1800,0.02,3600,72.0,3528.0,2440.18,1087.82
O00393,2025-11-11,C0068,P014,North,4.0,700,0.1,2800,280.0,2520.0,1661.17,858.83
O00394,2025-11-22,C0020,P004,East,2.0,22000,0.05,44000,2200.0,41800.0,33382.43,8417.57
O00395,2024-03-06,C0074,P009,West,5.0,1800,0.1,9000,900.0,8100.0,5540.83,2559.17
O00396,2024-07-04,C0018,P001,South,2.0,85000,0.0,170000,0.0,170000.0,132185.5,37814.5
O00397,2025-06-11,C0023,P002,South,3.0,65000,0.05,195000,9750.0,185250.0,138163.15,47086.85
O00398,2025-03-07,C0082,P012,East,1.0,14500,0.15,14500,2175.0,12325.0,9517.87,2807.13
O00399,2024-02-06,C0098,P011,South,1.0,2200,0.05,2200,110.0,2090.0,1540.49,549.51
O00400,2024-03-10,C0027,P006,East,2.0,3200,0.05,6400,320.0,6080.0,4440.69,1639.31
O00401,2025-01-15,C0093,P010,South,3.0,1200,0.02,3600,72.0,3528.0,2878.84,649.16
O00402,2025-03-26,C0092,P006,East,1.0,3200,0.1,3200,320.0,2880.0,1945.21,934.79
O00403,2024-05-02,C0077,P005,West,5.0,4500,0.1,22500,2250.0,20250.0,18013.56,2236.44
O00404,2024-05-05,C0015,P007,South,1.0,9000,0.05,9000,450.0,8550.0,5026.16,3523.84
O00405,2024-04-04,C0030,P005,North,5.0,4500,0.1,22500,2250.0,20250.0,17047.91,3202.09
O00406,2025-02-16,C0068,P013,North,2.0,10500,0.05,21000,1050.0,19950.0,16764.52,3185.48
O00407,2024-01-06,C0100,P007,South,2.0,9000,0.05,18000,900.0,17100.0,11815.09,5284.91
O00408,2025-02-22,C0082,P005,South,1.0,4500,0.02,4500,90.0,4410.0,2563.78,1846.22
O00409,2024-12-13,C0043,P009,West,5.0,1800,0.05,9000,450.0,8550.0,6905.34,1644.66
O00410,2024-12-06,C0024,P012,East,4.0,14500,0.1,58000,5800.0,52200.0,45099.26,7100.74
O00411,2025-05-11,C0097,P005,South,1.0,4500,0.05,4500,225.0,4275.0,2883.55,1391.45
O00412,2025-01-17,C0028,P015,West,1.0,500,0.0,500,0.0,500.0,345.01,154.99
O00413,2025-06-15,C0035,P007,North,4.0,9000,0.05,36000,1800.0,34200.0,27668.04,6531.96
O00414,2025-07-12,C0097,P010,West,5.0,1200,0.1,6000,600.0,5400.0,3611.11,1788.89
O00415,2025-11-03,C0057,P015,North,1.0,500,0.1,500,50.0,450.0,359.91,90.09
O00416,2025-08-07,C0027,P007,East,2.0,9000,0.0,18000,0.0,18000.0,11992.87,6007.13
O00417,2025-01-13,C0001,P003,West,3.0,42000,0.0,126000,0.0,126000.0,75233.62,50766.38
O00418,2024-12-25,C0043,P012,West,1.0,14500,0.02,14500,290.0,14210.0,11230.09,2979.91
O00419,2024-06-21,C0099,P001,West,2.0,85000,0.0,170000,0.0,170000.0,108402.85,61597.15
O00420,2025-03-14,C0044,P007,South,1.0,9000,0.15,9000,1350.0,7650.0,7220.66,429.34
O00421,2024-04-11,C0070,P015,West,3.0,500,0.02,1500,30.0,1470.0,1055.42,414.58
O00422,2025-11-11,C0026,P007,South,4.0,9000,0.05,36000,1800.0,34200.0,24801.04,9398.96
O00423,2025-09-09,C0078,P011,East,3.0,2200,0.0,6600,0.0,6600.0,4384.33,2215.67
O00424,2024-03-28,C0078,P008,North,2.0,12000,0.02,24000,480.0,23520.0,15796.35,7723.65
O00425,2025-07-28,C0061,P004,North,3.0,22000,0.15,66000,9900.0,56100.0,50876.16,5223.84
O00426,2024-03-26,C0078,P005,South,3.0,4500,0.05,13500,675.0,12825.0,9894.49,2930.51
O00427,2025-06-11,C0058,P008,North,1.0,12000,0.0,12000,0.0,12000.0,9106.76,2893.24
O00428,2024-03-05,C0038,P002,East,1.0,65000,0.0,65000,0.0,65000.0,43140.03,21859.97
O00429,2024-12-22,C0074,P007,West,1.0,9000,0.15,9000,1350.0,7650.0,5585.29,2064.71
O00430,2025-04-25,C0084,P007,West,5.0,9000,0.15,45000,6750.0,38250.0,25805.41,12444.59
O00431,2025-06-16,C0085,P013,North,4.0,10500,0.0,42000,0.0,42000.0,31907.28,10092.72
O00432,2024-11-02,C0022,P002,West,1.0,65000,0.05,65000,3250.0,61750.0,43038.1,18711.9
O00433,2025-11-04,C0068,P013,North,2.0,10500,0.0,21000,0.0,21000.0,14437.3,6562.7
O00434,2025-07-20,C0001,P007,South,3.0,9000,0.05,27000,1350.0,25650.0,18271.51,7378.49
O00435,2024-06-01,C0058,P010,West,1.0,1200,0.0,1200,0.0,1200.0,799.69,400.31
O00436,2025-05-05,C0058,P009,North,5.0,1800,0.1,9000,900.0,8100.0,6611.88,1488.12
O00437,2025-06-18,C0037,P005,North,5.0,4500,0.1,22500,2250.0,20250.0,16073.06,4176.94
O00438,2024-08-31,C0100,P014,North,2.0,700,0.0,1400,0.0,1400.0,1137.44,262.56
O00439,2025-06-23,C0089,P004,South,1.0,22000,0.05,22000,1100.0,20900.0,12925.09,7974.91
O00440,2025-10-18,C0004,P001,West,2.0,85000,0.0,170000,0.0,170000.0,119824.54,50175.46
O00441,2025-08-20,C0021,P012,North,3.0,14500,0.02,43500,870.0,42630.0,24667.76,17962.24
O00442,2025-07-11,C0021,P010,North,5.0,1200,0.0,6000,0.0,6000.0,4608.83,1391.17
O00443,2025-04-08,C0090,P014,East,2.0,700,0.02,1400,28.0,1372.0,1002.97,369.03
O00444,2024-07-16,C0052,P007,North,2.0,9000,0.15,18000,2700.0,15300.0,11981.92,3318.08
O00445,2025-08-04,C0073,P001,East,2.0,85000,0.0,170000,0.0,170000.0,130322.62,39677.38
O00446,2024-09-23,C0081,P001,West,1.0,85000,0.1,85000,8500.0,76500.0,57192.31,19307.69
O00447,2025-01-24,C0077,P007,West,1.0,9000,0.0,9000,0.0,9000.0,5503.52,3496.48
O00448,2024-08-17,C0009,P004,West,3.0,22000,0.05,66000,3300.0,62700.0,44719.96,17980.04
O00449,2024-08-16,C0015,P014,South,4.0,700,0.05,2800,140.0,2660.0,1593.55,1066.45
O00450,2024-04-25,C0040,P002,West,1.0,65000,0.1,65000,6500.0,58500.0,51507.46,6992.54
O00451,2025-12-03,C0034,P014,North,2.0,700,0.0,1400,0.0,1400.0,1046.3,353.7
O00452,2024-04-18,C0075,P004,North,5.0,22000,0.0,110000,0.0,110000.0,83081.38,26918.62
O00453,2024-03-04,C0016,P002,East,5.0,65000,0.05,325000,16250.0,308750.0,255486.79,53263.21
O00454,2025-11-15,C0038,P005,North,4.0,4500,0.05,18000,900.0,17100.0,13747.04,3352.96
O00455,2025-02-09,C0024,P003,West,3.0,42000,0.05,126000,6300.0,119700.0,83991.63,35708.37
O00456,2024-11-16,C0019,P007,East,3.0,9000,0.0,27000,0.0,27000.0,15714.86,11285.14
O00457,2025-06-23,C0018,P005,West,2.0,4500,0.02,9000,180.0,8820.0,5857.28,2962.72
O00458,2024-10-07,C0020,P008,North,2.0,12000,0.1,24000,2400.0,21600.0,19252.87,2347.13
O00459,2024-04-03,C0057,P009,South,2.0,1800,0.05,3600,180.0,3420.0,2902.52,517.48
O00460,2025-06-17,C0042,P001,East,4.0,85000,0.05,340000,17000.0,323000.0,257490.55,65509.45
O00461,2024-05-08,C0044,P002,North,4.0,65000,0.02,260000,5200.0,254800.0,157351.03,97448.97
O00462,2025-02-08,C0048,P003,South,4.0,42000,0.02,168000,3360.0,164640.0,101220.25,63419.75
O00463,2025-11-24,C0075,P003,East,4.0,42000,0.1,168000,16800.0,151200.0,132306.44,18893.56
O00464,2025-11-15,C0087,P002,West,1.0,65000,0.05,65000,3250.0,61750.0,38240.62,23509.38
O00465,2024-09-20,C0053,P005,East,4.0,4500,0.0,18000,0.0,18000.0,12738.91,5261.09
O00466,2025-07-24,C0065,P009,North,5.0,1800,0.1,9000,900.0,8100.0,5869.15,2230.85
O00467,2025-03-23,C0074,P005,South,4.0,4500,0.05,18000,900.0,17100.0,11367.77,5732.23
O00468,2024-12-16,C0070,P005,East,3.0,4500,0.02,13500,270.0,13230.0,9894.06,3335.94
O00469,2024-04-12,C0014,P008,North,2.0,12000,0.02,24000,480.0,23520.0,19418.01,4101.99
O00470,2024-10-02,C0099,P009,South,4.0,1800,0.05,7200,360.0,6840.0,5471.72,1368.28
O00471,2025-04-21,C0017,P005,North,3.0,4500,0.02,13500,270.0,13230.0,9197.06,4032.94
O00472,2025-12-22,C0042,P004,North,2.0,22000,0.05,44000,2200.0,41800.0,29435.65,12364.35
O00473,2024-01-04,C0066,P007,South,3.0,9000,0.05,27000,1350.0,25650.0,21466.87,4183.13
O00474,2025-06-08,C0041,P001,North,1.0,85000,0.0,85000,0.0,85000.0,60017.56,24982.44
O00475,2025-09-10,C0025,P008,East,5.0,12000,0.1,60000,6000.0,54000.0,41045.55,12954.45
O00476,2025-11-26,C0093,P015,North,4.0,500,0.02,2000,40.0,1960.0,1468.73,491.27
O00477,2024-11-05,C0008,P006,East,2.0,3200,0.02,6400,128.0,6272.0,3929.8,2342.2
O00478,2024-03-27,C0025,P002,North,4.0,65000,0.05,260000,13000.0,247000.0,147474.23,99525.77
O00479,2024-07-17,C0100,P011,West,1.0,2200,0.05,2200,110.0,2090.0,1717.94,372.06
O00480,2025-09-13,C0073,P002,North,2.0,65000,0.02,130000,2600.0,127400.0,92814.89,34585.11
O00481,2025-10-03,C0009,P003,South,4.0,42000,0.05,168000,8400.0,159600.0,99878.83,59721.17
O00482,2025-04-10,C0076,P003,South,1.0,42000,0.1,42000,4200.0,37800.0,26479.86,11320.14
O00483,2024-03-30,C0097,P014,North,4.0,700,0.1,2800,280.0,2520.0,2288.39,231.61
O00484,2024-03-30,C0010,P015,South,5.0,500,0.1,2500,250.0,2250.0,1803.24,446.76
O00485,2024-12-15,C0042,P009,West,3.0,1800,0.02,5400,108.0,5292.0,3897.45,1394.55
O00486,2025-03-06,C0047,P010,West,2.0,1200,0.02,2400,48.0,2352.0,1366.76,985.24
O00487,2024-01-24,C0014,P010,North,4.0,1200,0.05,4800,240.0,4560.0,3895.81,664.19
O00488,2025-05-16,C0021,P010,North,2.0,1200,0.0,2400,0.0,2400.0,1898.52,501.48
O00489,2025-02-02,C0018,P009,East,4.0,1800,0.1,7200,720.0,6480.0,5024.89,1455.11
O00490,2024-01-09,C0019,P015,East,4.0,500,0.02,2000,40.0,1960.0,1267.07,692.93
O00491,2024-03-10,C0041,P011,North,1.0,2200,0.02,2200,44.0,2156.0,1624.64,531.36
O00492,2024-11-28,C0047,P002,West,1.0,65000,0.02,65000,1300.0,63700.0,50375.72,13324.28
O00493,2025-06-12,C0024,P006,South,1.0,3200,0.02,3200,64.0,3136.0,2439.21,696.79
O00494,2025-08-26,C0029,P015,East,1.0,500,0.02,500,10.0,490.0,406.9,83.1
O00495,2024-11-11,C0020,P007,South,2.0,9000,0.05,18000,900.0,17100.0,12995.12,4104.88
O00496,2024-08-03,C0080,P004,South,1.0,22000,0.05,22000,1100.0,20900.0,14008.08,6891.92
O00497,2025-12-08,C0022,P014,North,5.0,700,0.02,3500,70.0,3430.0,2395.54,1034.46
O00498,2024-12-01,C0091,P010,East,5.0,1200,0.0,6000,0.0,6000.0,4622.43,1377.57
O00499,2024-08-18,C0054,P009,North,1.0,1800,0.1,1800,180.0,1620.0,1118.96,501.04
O00500,2024-11-19,C0081,P007,West,2.0,9000,0.0,18000,0.0,18000.0,11024.64,6975.36
O00501,2024-01-09,C0064,P002,West,4.0,65000,0.05,260000,13000.0,247000.0,193883.39,53116.61
O00502,2024-08-08,C0027,P006,East,4.0,3200,0.05,12800,640.0,12160.0,8575.94,3584.06
O00503,2025-01-11,C0061,P007,North,3.0,9000,0.05,27000,1350.0,25650.0,20802.8,4847.2
O00504,2025-11-02,C0028,P014,North,5.0,700,0.1,3500,350.0,3150.0,2060.78,1089.22
O00505,2025-06-23,C0012,P005,South,4.0,4500,0.05,18000,900.0,17100.0,11531.48,5568.52
O00506,2025-07-25,C0026,P003,East,4.0,42000,0.15,168000,25200.0,142800.0,104561.01,38238.99
O00507,2025-02-02,C0028,P007,West,3.0,9000,0.1,27000,2700.0,24300.0,19937.46,4362.54
O00508,2024-03-21,C0014,P015,South,3.0,500,0.0,1500,0.0,1500.0,1132.53,367.47
O00509,2024-10-12,C0003,P008,West,2.0,12000,0.0,24000,0.0,24000.0,16154.9,7845.1
O00510,2025-12-29,C0095,P006,North,3.0,3200,0.02,9600,192.0,9408.0,6519.05,2888.95
O00511,2024-02-02,C0052,P011,South,5.0,2200,0.02,11000,220.0,10780.0,6442.13,4337.87
O00512,2025-10-04,C0041,P010,North,2.0,1200,0.05,2400,120.0,2280.0,1774.78,505.22
O00513,2025-05-15,C0093,P005,East,1.0,4500,0.0,4500,0.0,4500.0,3680.67,819.33
O00514,2024-07-26,C0023,P015,North,3.0,500,0.0,1500,0.0,1500.0,1140.06,359.94
O00515,2025-07-22,C0041,P009,North,4.0,1800,0.02,7200,144.0,7056.0,4393.73,2662.27
O00516,2025-09-03,C0085,P001,West,5.0,85000,0.05,425000,21250.0,403750.0,305253.33,98496.67
O00517,2024-02-01,C0064,P007,South,3.0,9000,0.05,27000,1350.0,25650.0,17000.24,8649.76
O00518,2024-03-18,C0040,P014,North,4.0,700,0.15,2800,420.0,2380.0,1562.81,817.19
O00519,2025-05-01,C0026,P006,North,2.0,3200,0.0,6400,0.0,6400.0,3830.73,2569.27
O00520,2025-12-31,C0004,P009,South,3.0,1800,0.02,5400,108.0,5292.0,3119.58,2172.42
O00521,2024-01-18,C0009,P010,North,3.0,1200,0.15,3600,540.0,3060.0,2170.45,889.55
O00522,2025-05-01,C0017,P011,North,2.0,2200,0.05,4400,220.0,4180.0,3365.18,814.82
O00523,2024-04-09,C0079,P014,East,4.0,700,0.05,2800,140.0,2660.0,1761.38,898.62
O00524,2025-04-20,C0064,P003,North,5.0,42000,0.05,210000,10500.0,199500.0,158424.17,41075.83
O00525,2025-03-31,C0044,P008,East,2.0,12000,0.0,24000,0.0,24000.0,19348.63,4651.37
O00526,2024-03-07,C0079,P009,South,1.0,1800,0.1,1800,180.0,1620.0,1269.1,350.9
O00527,2025-05-12,C0017,P003,North,5.0,42000,0.05,210000,10500.0,199500.0,143022.69,56477.31
O00528,2025-10-17,C0022,P011,North,5.0,2200,0.05,11000,550.0,10450.0,8277.88,2172.12
O00529,2025-09-23,C0040,P002,North,5.0,65000,0.05,325000,16250.0,308750.0,187269.66,121480.34
O00530,2024-01-22,C0092,P007,North,2.0,9000,0.02,18000,360.0,17640.0,11981.11,5658.89
O00531,2024-06-28,C0062,P005,North,4.0,4500,0.02,18000,360.0,17640.0,12324.29,5315.71
O00532,2024-06-25,C0086,P003,West,4.0,42000,0.1,168000,16800.0,151200.0,130096.49,21103.51
O00533,2024-11-27,C0025,P013,West,4.0,10500,0.05,42000,2100.0,39900.0,32333.23,7566.77
O00534,2024-04-14,C0085,P004,South,5.0,22000,0.0,110000,0.0,110000.0,85693.48,24306.52
O00535,2025-09-16,C0008,P004,East,5.0,22000,0.02,110000,2200.0,107800.0,81226.83,26573.17
O00536,2025-07-21,C0023,P013,East,3.0,10500,0.1,31500,3150.0,28350.0,21837.38,6512.62
O00537,2025-08-13,C0053,P014,West,1.0,700,0.02,700,14.0,686.0,541.47,144.53
O00538,2024-05-24,C0006,P001,North,1.0,85000,0.02,85000,1700.0,83300.0,66791.83,16508.17
O00539,2024-01-11,C0086,P005,North,5.0,4500,0.05,22500,1125.0,21375.0,15293.94,6081.06
O00540,2025-10-27,C0087,P011,North,5.0,2200,0.1,11000,1100.0,9900.0,8977.42,922.58
O00541,2024-07-30,C0055,P012,North,1.0,14500,0.05,14500,725.0,13775.0,11399.91,2375.09
O00542,2025-04-24,C0031,P015,North,2.0,500,0.1,1000,100.0,900.0,687.83,212.17
O00543,2025-10-26,C0010,P009,West,2.0,1800,0.0,3600,0.0,3600.0,2047.35,1552.65
O00544,2024-01-27,C0062,P001,West,2.0,85000,0.1,170000,17000.0,153000.0,103804.19,49195.81
O00545,2024-01-05,C0054,P014,North,4.0,700,0.1,2800,280.0,2520.0,2126.96,393.04
O00546,2024-01-04,C0076,P003,South,3.0,42000,0.05,126000,6300.0,119700.0,73081.47,46618.53
O00547,2024-04-24,C0061,P002,South,3.0,65000,0.05,195000,9750.0,185250.0,131984.97,53265.03
O00548,2024-02-07,C0013,P011,South,3.0,2200,0.0,6600,0.0,6600.0,4707.85,1892.15
O00549,2025-08-22,C0013,P010,South,4.0,1200,0.02,4800,96.0,4704.0,3778.34,925.66
O00550,2025-03-18,C0079,P001,North,4.0,85000,0.0,340000,0.0,340000.0,264765.05,75234.95
O00551,2025-12-17,C0016,P003,West,1.0,42000,0.0,42000,0.0,42000.0,31766.91,10233.09
O00552,2025-08-08,C0094,P009,West,1.0,1800,0.15,1800,270.0,1530.0,1188.14,341.86
O00553,2025-12-05,C0011,P004,East,2.0,22000,0.02,44000,880.0,43120.0,25889.92,17230.08
O00554,2024-06-23,C0073,P011,East,3.0,2200,0.05,6600,330.0,6270.0,4823.32,1446.68
O00555,2024-07-29,C0098,P007,South,5.0,9000,0.02,45000,900.0,44100.0,26952.66,17147.34
O00556,2025-09-12,C0045,P009,South,5.0,1800,0.02,9000,180.0,8820.0,6313.99,2506.01
O00557,2024-06-28,C0006,P008,North,4.0,12000,0.02,48000,960.0,47040.0,39109.59,7930.41
O00558,2024-02-11,C0088,P006,East,1.0,3200,0.02,3200,64.0,3136.0,2235.47,900.53
O00559,2025-05-04,C0019,P006,North,1.0,3200,0.05,3200,160.0,3040.0,2317.76,722.24
O00560,2025-08-08,C0053,P011,West,3.0,2200,0.15,6600,990.0,5610.0,4837.44,772.56
O00561,2025-12-08,C0099,P008,South,3.0,12000,0.02,36000,720.0,35280.0,27871.37,7408.63
O00562,2025-11-09,C0075,P009,South,4.0,1800,0.15,7200,1080.0,6120.0,4805.6,1314.4
O00563,2024-03-28,C0005,P009,South,1.0,1800,0.05,1800,90.0,1710.0,1231.79,478.21
O00564,2025-07-18,C0083,P004,West,5.0,22000,0.05,110000,5500.0,104500.0,65726.37,38773.63
O00565,2025-09-10,C0017,P014,North,3.0,700,0.0,2100,0.0,2100.0,1503.52,596.48
O00566,2025-05-25,C0075,P009,North,3.0,1800,0.0,5400,0.0,5400.0,3401.22,1998.78
O00567,2025-08-22,C0063,P011,North,1.0,2200,0.1,2200,220.0,1980.0,1511.53,468.47
O00568,2025-09-04,C0029,P014,East,5.0,700,0.05,3500,175.0,3325.0,2649.4,675.6
O00569,2024-11-22,C0043,P014,West,3.0,700,0.02,2100,42.0,2058.0,1164.96,893.04
O00570,2024-01-30,C0012,P011,North,2.0,2200,0.1,4400,440.0,3960.0,3089.93,870.07
O00571,2024-11-29,C0099,P012,West,2.0,14500,0.02,29000,580.0,28420.0,17308.07,11111.93
O00572,2024-05-27,C0024,P008,North,2.0,12000,0.1,24000,2400.0,21600.0,15010.4,6589.6
O00573,2024-03-24,C0031,P012,East,1.0,14500,0.02,14500,290.0,14210.0,8110.9,6099.1
O00574,2024-04-01,C0051,P005,North,5.0,4500,0.1,22500,2250.0,20250.0,13404.49,6845.51
O00575,2025-05-24,C0068,P011,South,5.0,2200,0.02,11000,220.0,10780.0,8980.29,1799.71
O00576,2025-01-03,C0051,P002,East,5.0,65000,0.0,325000,0.0,325000.0,266370.37,58629.63
O00577,2025-01-29,C0051,P014,South,2.0,700,0.05,1400,70.0,1330.0,1042.1,287.9
O00578,2025-06-28,C0059,P004,North,3.0,22000,0.0,66000,0.0,66000.0,47203.29,18796.71
O00579,2025-02-04,C0086,P010,West,3.0,1200,0.1,3600,360.0,3240.0,2735.25,504.75
O00580,2025-04-05,C0040,P001,West,3.0,85000,0.05,255000,12750.0,242250.0,201977.76,40272.24
O00581,2024-03-03,C0084,P003,South,3.0,42000,0.0,126000,0.0,126000.0,86966.76,39033.24
O00582,2025-09-14,C0079,P015,East,3.0,500,0.0,1500,0.0,1500.0,839.29,660.71
O00583,2024-11-24,C0097,P013,West,4.0,10500,0.1,42000,4200.0,37800.0,31144.55,6655.45
O00584,2024-04-23,C0092,P004,North,1.0,22000,0.05,22000,1100.0,20900.0,17948.54,2951.46
O00585,2025-08-17,C0080,P002,West,1.0,65000,0.1,65000,6500.0,58500.0,40278.83,18221.17
O00586,2025-06-21,C0025,P013,North,5.0,10500,0.0,52500,0.0,52500.0,35444.62,17055.38
O00587,2024-02-08,C0078,P015,West,5.0,500,0.1,2500,250.0,2250.0,1618.86,631.14
O00588,2024-05-21,C0074,P003,North,5.0,42000,0.05,210000,10500.0,199500.0,137639.51,61860.49
O00589,2024-01-12,C0029,P010,North,2.0,1200,0.05,2400,120.0,2280.0,1787.47,492.53
O00590,2024-07-16,C0068,P005,South,3.0,4500,0.02,13500,270.0,13230.0,8804.28,4425.72
O00591,2024-03-14,C0026,P012,South,1.0,14500,0.0,14500,0.0,14500.0,11659.34,2840.66
O00592,2025-06-02,C0053,P007,West,2.0,9000,0.15,18000,2700.0,15300.0,13737.74,1562.26
O00593,2025-01-16,C0080,P002,West,4.0,65000,0.15,260000,39000.0,221000.0,144940.82,76059.18
O00594,2025-12-17,C0019,P005,North,2.0,4500,0.02,9000,180.0,8820.0,6939.07,1880.93
O00595,2025-07-01,C0034,P009,North,3.0,1800,0.1,5400,540.0,4860.0,4096.83,763.17
O00596,2025-03-23,C0080,P012,South,1.0,14500,0.0,14500,0.0,14500.0,9997.07,4502.93
O00597,2025-01-07,C0046,P001,South,3.0,85000,0.0,255000,0.0,255000.0,174455.88,80544.12
O00598,2024-02-09,C0097,P015,South,4.0,500,0.0,2000,0.0,2000.0,1551.18,448.82
O00599,2024-02-21,C0001,P010,West,3.0,1200,0.02,3600,72.0,3528.0,2392.89,1135.11
O00600,2025-03-26,C0073,P014,West,3.0,700,0.0,2100,0.0,2100.0,1245.42,854.58
O00601,2024-01-04,C0082,P014,North,5.0,700,0.02,3500,70.0,3430.0,2220.69,1209.31
O00602,2024-01-31,C0092,P003,South,2.0,42000,0.0,84000,0.0,84000.0,52214.79,31785.21
O00603,2024-06-09,C0016,P002,East,2.0,65000,0.05,130000,6500.0,123500.0,95405.17,28094.83
O00604,2025-10-08,C0099,P012,South,4.0,14500,0.1,58000,5800.0,52200.0,34701.16,17498.84
O00605,2024-12-01,C0040,P003,North,3.0,42000,0.05,126000,6300.0,119700.0,91235.16,28464.84
O00606,2025-06-02,C0036,P003,South,5.0,42000,0.0,210000,0.0,210000.0,141920.33,68079.67
O00607,2024-10-27,C0036,P008,South,1.0,12000,0.1,12000,1200.0,10800.0,9320.5,1479.5
O00608,2024-05-06,C0064,P014,North,1.0,700,0.0,700,0.0,700.0,476.66,223.34
O00609,2024-09-28,C0066,P012,East,2.0,14500,0.1,29000,2900.0,26100.0,23230.36,2869.64
O00610,2024-03-08,C0048,P008,South,3.0,12000,0.05,36000,1800.0,34200.0,28552.56,5647.44
O00611,2025-07-17,C0008,P003,East,5.0,42000,0.02,210000,4200.0,205800.0,126005.81,79794.19
O00612,2024-05-14,C0099,P006,South,3.0,3200,0.0,9600,0.0,9600.0,7058.54,2541.46
O00613,2024-10-02,C0023,P011,West,3.0,2200,0.1,6600,660.0,5940.0,4012.46,1927.54
O00614,2025-12-17,C0010,P003,North,1.0,42000,0.1,42000,4200.0,37800.0,32436.27,5363.73
O00615,2025-03-08,C0060,P008,North,3.0,12000,0.05,36000,1800.0,34200.0,25979.23,8220.77
O00616,2024-12-01,C0042,P001,North,3.0,85000,0.15,255000,38250.0,216750.0,160500.0,56250.0
O00617,2025-01-31,C0062,P005,South,3.0,4500,0.1,13500,1350.0,12150.0,8333.06,3816.94
O00618,2025-07-27,C0088,P004,North,4.0,22000,0.0,88000,0.0,88000.0,58606.77,29393.23
O00619,2024-07-05,C0010,P011,West,3.0,2200,0.05,6600,330.0,6270.0,5056.89,1213.11
O00620,2025-04-10,C0029,P014,North,1.0,700,0.02,700,14.0,686.0,535.47,150.53
O00621,2025-09-29,C0052,P003,North,1.0,42000,0.05,42000,2100.0,39900.0,23478.49,16421.51
O00622,2025-02-22,C0079,P012,South,1.0,14500,0.0,14500,0.0,14500.0,9158.45,5341.55
O00623,2024-11-22,C0061,P010,West,4.0,1200,0.15,4800,720.0,4080.0,3188.01,891.99
O00624,2024-04-16,C0039,P015,West,5.0,500,0.05,2500,125.0,2375.0,1770.27,604.73
O00625,2024-06-30,C0062,P014,East,5.0,700,0.02,3500,70.0,3430.0,2066.3,1363.7
O00626,2025-11-22,C0098,P002,South,2.0,65000,0.02,130000,2600.0,127400.0,83268.43,44131.57
O00627,2025-01-30,C0049,P012,East,1.0,14500,0.02,14500,290.0,14210.0,11442.11,2767.89
O00628,2024-08-08,C0089,P009,East,4.0,1800,0.05,7200,360.0,6840.0,4886.41,1953.59
O00629,2024-11-01,C0078,P002,North,1.0,65000,0.1,65000,6500.0,58500.0,48809.71,9690.29
O00630,2025-02-26,C0031,P004,South,4.0,22000,0.02,88000,1760.0,86240.0,59918.34,26321.66
O00631,2025-01-27,C0025,P014,West,2.0,700,0.05,1400,70.0,1330.0,945.76,384.24
O00632,2025-05-26,C0078,P009,North,5.0,1800,0.05,9000,450.0,8550.0,6461.28,2088.72
O00633,2024-07-07,C0021,P006,East,4.0,3200,0.02,12800,256.0,12544.0,7936.36,4607.64
O00634,2025-04-19,C0034,P005,South,4.0,4500,0.05,18000,900.0,17100.0,11114.04,5985.96
O00635,2024-11-19,C0024,P013,South,3.0,10500,0.0,31500,0.0,31500.0,25739.45,5760.55
O00636,2025-11-18,C0061,P005,North,5.0,4500,0.0,22500,0.0,22500.0,17654.13,4845.87
O00637,2024-04-25,C0030,P003,East,3.0,42000,0.02,126000,2520.0,123480.0,94398.42,29081.58
O00638,2024-04-18,C0066,P009,West,4.0,1800,0.1,7200,720.0,6480.0,4226.61,2253.39
O00639,2024-12-03,C0094,P015,North,2.0,500,0.02,1000,20.0,980.0,558.16,421.84
O00640,2025-01-06,C0083,P003,South,3.0,42000,0.0,126000,0.0,126000.0,75267.53,50732.47
O00641,2025-05-20,C0095,P004,North,5.0,22000,0.05,110000,5500.0,104500.0,88350.61,16149.39
O00642,2024-10-22,C0003,P008,North,2.0,12000,0.1,24000,2400.0,21600.0,18489.56,3110.44
O00643,2025-10-29,C0046,P003,West,1.0,42000,0.05,42000,2100.0,39900.0,29031.68,10868.32
O00644,2024-12-12,C0023,P010,South,2.0,1200,0.0,2400,0.0,2400.0,1947.77,452.23
O00645,2024-04-04,C0092,P004,South,2.0,22000,0.05,44000,2200.0,41800.0,25941.4,15858.6
O00646,2024-03-28,C0072,P002,North,3.0,65000,0.02,195000,3900.0,191100.0,136689.27,54410.73
O00647,2025-12-12,C0033,P004,West,1.0,22000,0.05,22000,1100.0,20900.0,13188.34,7711.66
O00648,2024-04-08,C0057,P014,North,1.0,700,0.02,700,14.0,686.0,442.92,243.08
O00649,2025-11-23,C0061,P015,East,2.0,500,0.0,1000,0.0,1000.0,803.84,196.16
O00650,2024-07-22,C0050,P008,North,3.0,12000,0.02,36000,720.0,35280.0,28239.67,7040.33
O00651,2024-03-09,C0048,P007,North,1.0,9000,0.05,9000,450.0,8550.0,5197.37,3352.63
O00652,2024-08-10,C0006,P013,East,2.0,10500,0.02,21000,420.0,20580.0,12964.91,7615.09
O00653,2025-03-25,C0046,P003,North,2.0,42000,0.0,84000,0.0,84000.0,59683.43,24316.57
O00654,2024-11-08,C0035,P010,East,1.0,1200,0.05,1200,60.0,1140.0,679.88,460.12
O00655,2025-07-28,C0082,P011,North,2.0,2200,0.1,4400,440.0,3960.0,3073.5,886.5
O00656,2025-03-22,C0087,P011,East,2.0,2200,0.0,4400,0.0,4400.0,3114.38,1285.62
O00657,2024-10-19,C0076,P004,West,1.0,22000,0.05,22000,1100.0,20900.0,13828.35,7071.65
O00658,2025-04-08,C0004,P011,East,4.0,2200,0.05,8800,440.0,8360.0,5536.46,2823.54
O00659,2025-12-11,C0085,P010,North,1.0,1200,0.02,1200,24.0,1176.0,734.22,441.78
O00660,2024-10-28,C0040,P014,East,3.0,700,0.15,2100,315.0,1785.0,1685.53,99.47
O00661,2024-04-22,C0042,P003,West,4.0,42000,0.1,168000,16800.0,151200.0,110039.19,41160.81
O00662,2024-10-25,C0095,P010,North,5.0,1200,0.02,6000,120.0,5880.0,4248.14,1631.86
O00663,2025-09-06,C0087,P013,North,3.0,10500,0.0,31500,0.0,31500.0,19889.89,11610.11
O00664,2024-06-08,C0006,P005,West,3.0,4500,0.02,13500,270.0,13230.0,9986.21,3243.79
O00665,2025-11-24,C0036,P012,North,4.0,14500,0.0,58000,0.0,58000.0,33488.57,24511.43
O00666,2025-03-06,C0075,P002,East,5.0,65000,0.05,325000,16250.0,308750.0,185036.55,123713.45
O00667,2025-03-15,C0054,P011,East,2.0,2200,0.1,4400,440.0,3960.0,3304.21,655.79
O00668,2024-08-19,C0026,P010,North,4.0,1200,0.1,4800,480.0,4320.0,3581.76,738.24
O00669,2025-11-03,C0053,P003,South,3.0,42000,0.02,126000,2520.0,123480.0,78315.35,45164.65
O00670,2024-01-27,C0087,P001,East,1.0,85000,0.02,85000,1700.0,83300.0,54898.32,28401.68
O00671,2024-08-06,C0023,P012,North,4.0,14500,0.0,58000,0.0,58000.0,46890.7,11109.3
O00672,2024-11-01,C0075,P004,West,5.0,22000,0.05,110000,5500.0,104500.0,63598.61,40901.39
O00673,2024-12-14,C0074,P008,North,1.0,12000,0.0,12000,0.0,12000.0,7193.4,4806.6
O00674,2024-12-12,C0089,P001,South,1.0,85000,0.1,85000,8500.0,76500.0,56619.38,19880.62
O00675,2024-04-18,C0030,P015,West,5.0,500,0.1,2500,250.0,2250.0,1565.42,684.58
O00676,2024-06-13,C0022,P009,North,3.0,1800,0.0,5400,0.0,5400.0,3916.25,1483.75
O00677,2024-03-10,C0055,P014,West,2.0,700,0.05,1400,70.0,1330.0,1031.05,298.95
O00678,2025-02-22,C0054,P003,North,4.0,42000,0.05,168000,8400.0,159600.0,116276.96,43323.04
O00679,2024-09-13,C0041,P004,South,2.0,22000,0.1,44000,4400.0,39600.0,31461.02,8138.98
O00680,2025-02-17,C0078,P010,North,2.0,1200,0.05,2400,120.0,2280.0,1600.86,679.14
O00681,2025-03-07,C0080,P010,East,2.0,1200,0.0,2400,0.0,2400.0,1812.73,587.27
O00682,2025-05-28,C0025,P012,West,3.0,14500,0.05,43500,2175.0,41325.0,24419.45,16905.55
O00683,2025-02-03,C0080,P014,West,1.0,700,0.0,700,0.0,700.0,444.14,255.86
O00684,2025-04-18,C0024,P013,West,2.0,10500,0.05,21000,1050.0,19950.0,15430.72,4519.28
O00685,2025-03-05,C0041,P003,East,2.0,42000,0.0,84000,0.0,84000.0,53676.35,30323.65
O00686,2025-04-21,C0003,P005,West,1.0,4500,0.05,4500,225.0,4275.0,2570.42,1704.58
O00687,2025-03-26,C0035,P014,South,4.0,700,0.1,2800,280.0,2520.0,1800.83,719.17
O00688,2024-08-19,C0096,P009,West,1.0,1800,0.0,1800,0.0,1800.0,1335.79,464.21
O00689,2024-06-29,C0045,P014,East,5.0,700,0.02,3500,70.0,3430.0,2040.28,1389.72
O00690,2025-07-29,C0072,P009,West,1.0,1800,0.05,1800,90.0,1710.0,1342.17,367.83
O00691,2024-09-07,C0011,P001,North,2.0,85000,0.0,170000,0.0,170000.0,129093.42,40906.58
O00692,2025-02-05,C0064,P008,South,1.0,12000,0.05,12000,600.0,11400.0,8658.37,2741.63
O00693,2024-05-23,C0038,P013,East,2.0,10500,0.05,21000,1050.0,19950.0,12934.81,7015.19
O00694,2024-11-11,C0075,P010,North,4.0,1200,0.02,4800,96.0,4704.0,3683.66,1020.34
O00695,2025-01-22,C0093,P002,North,1.0,65000,0.1,65000,6500.0,58500.0,39513.47,18986.53
O00696,2025-04-02,C0054,P004,West,3.0,22000,0.05,66000,3300.0,62700.0,52441.73,10258.27
O00697,2025-01-19,C0011,P013,South,4.0,10500,0.05,42000,2100.0,39900.0,31113.36,8786.64
O00698,2024-09-20,C0048,P015,North,3.0,500,0.0,1500,0.0,1500.0,847.16,652.84
O00699,2025-12-04,C0013,P012,South,1.0,14500,0.0,14500,0.0,14500.0,11104.21,3395.79
O00700,2025-01-09,C0045,P002,South,4.0,65000,0.0,260000,0.0,260000.0,178551.63,81448.37
O00701,2025-08-13,C0007,P010,East,1.0,1200,0.1,1200,120.0,1080.0,806.66,273.34
O00702,2025-06-22,C0065,P013,West,1.0,10500,0.1,10500,1050.0,9450.0,6967.15,2482.85
O00703,2025-02-12,C0032,P010,West,3.0,1200,0.1,3600,360.0,3240.0,2569.64,670.36
O00704,2025-10-09,C0021,P009,East,2.0,1800,0.0,3600,0.0,3600.0,2684.29,915.71
O00705,2024-04-03,C0002,P008,East,1.0,12000,0.05,12000,600.0,11400.0,9502.96,1897.04
O00706,2025-11-04,C0089,P004,South,4.0,22000,0.1,88000,8800.0,79200.0,54885.17,24314.83
O00707,2025-09-13,C0084,P005,West,3.0,4500,0.05,13500,675.0,12825.0,9724.18,3100.82
O00708,2025-01-03,C0082,P012,North,5.0,14500,0.0,72500,0.0,72500.0,53310.16,19189.84
O00709,2025-06-20,C0006,P002,North,3.0,65000,0.1,195000,19500.0,175500.0,142778.07,32721.93
O00710,2025-01-15,C0035,P002,West,3.0,65000,0.0,195000,0.0,195000.0,133206.48,61793.52
O00711,2024-07-15,C0098,P006,West,5.0,3200,0.0,16000,0.0,16000.0,10489.22,5510.78
O00712,2025-08-07,C0058,P012,North,1.0,14500,0.1,14500,1450.0,13050.0,10959.71,2090.29
O00713,2024-06-28,C0013,P010,East,2.0,1200,0.05,2400,120.0,2280.0,1514.41,765.59
O00714,2024-08-17,C0015,P009,South,4.0,1800,0.02,7200,144.0,7056.0,4364.46,2691.54
O00715,2025-01-14,C0027,P009,South,2.0,1800,0.05,3600,180.0,3420.0,2510.55,909.45
O00716,2025-09-04,C0098,P002,North,5.0,65000,0.15,325000,48750.0,276250.0,202232.85,74017.15
O00717,2024-10-07,C0017,P005,North,2.0,4500,0.0,9000,0.0,9000.0,5030.76,3969.24
O00718,2024-12-27,C0091,P002,South,3.0,65000,0.1,195000,19500.0,175500.0,109965.46,65534.54
O00719,2024-01-31,C0068,P012,South,5.0,14500,0.02,72500,1450.0,71050.0,53479.83,17570.17
O00720,2024-03-25,C0093,P012,South,2.0,14500,0.0,29000,0.0,29000.0,23569.73,5430.27
O00721,2024-02-10,C0083,P004,North,5.0,22000,0.02,110000,2200.0,107800.0,74004.24,33795.76
O00722,2024-02-22,C0034,P005,West,1.0,4500,0.05,4500,225.0,4275.0,2653.68,1621.32
O00723,2025-09-26,C0083,P005,East,2.0,4500,0.0,9000,0.0,9000.0,6937.94,2062.06
O00724,2025-09-07,C0017,P014,West,3.0,700,0.02,2100,42.0,2058.0,1303.23,754.77
O00725,2025-08-23,C0030,P008,North,3.0,12000,0.05,36000,1800.0,34200.0,29477.49,4722.51
O00726,2024-02-10,C0022,P012,East,5.0,14500,0.05,72500,3625.0,68875.0,50900.9,17974.1
O00727,2024-02-26,C0014,P007,West,5.0,9000,0.05,45000,2250.0,42750.0,27576.49,15173.51
O00728,2024-07-24,C0010,P011,South,4.0,2200,0.1,8800,880.0,7920.0,6018.51,1901.49
O00729,2025-02-17,C0019,P008,North,4.0,12000,0.02,48000,960.0,47040.0,30746.54,16293.46
O00730,2024-09-01,C0013,P005,North,2.0,4500,0.02,9000,180.0,8820.0,6844.12,1975.88
O00731,2024-12-22,C0039,P014,North,5.0,700,0.05,3500,175.0,3325.0,2025.0,1300.0
O00732,2024-05-06,C0008,P011,South,4.0,2200,0.05,8800,440.0,8360.0,6876.24,1483.76
O00733,2025-06-18,C0007,P012,South,1.0,14500,0.0,14500,0.0,14500.0,10979.12,3520.88
O00734,2024-08-17,C0099,P015,North,5.0,500,0.02,2500,50.0,2450.0,1956.42,493.58
O00735,2024-02-18,C0009,P004,East,2.0,22000,0.0,44000,0.0,44000.0,34832.53,9167.47
O00736,2025-06-26,C0008,P002,North,3.0,65000,0.02,195000,3900.0,191100.0,119347.8,71752.2
O00737,2025-10-21,C0004,P009,South,3.0,1800,0.15,5400,810.0,4590.0,3729.63,860.37
O00738,2024-01-11,C0014,P005,East,5.0,4500,0.05,22500,1125.0,21375.0,17538.28,3836.72
O00739,2024-11-15,C0053,P007,North,2.0,9000,0.02,18000,360.0,17640.0,11734.11,5905.89
O00740,2025-08-27,C0083,P004,North,2.0,22000,0.05,44000,2200.0,41800.0,24917.64,16882.36
O00741,2025-05-31,C0074,P006,North,1.0,3200,0.05,3200,160.0,3040.0,2011.97,1028.03
O00742,2025-09-18,C0059,P006,North,2.0,3200,0.02,6400,128.0,6272.0,3938.04,2333.96
O00743,2024-10-30,C0009,P006,South,1.0,3200,0.02,3200,64.0,3136.0,2511.73,624.27
O00744,2024-09-29,C0078,P012,North,3.0,14500,0.05,43500,2175.0,41325.0,29372.88,11952.12
O00745,2025-06-02,C0004,P009,North,5.0,1800,0.0,9000,0.0,9000.0,6611.01,2388.99
O00746,2024-04-22,C0064,P008,West,3.0,12000,0.05,36000,1800.0,34200.0,29151.8,5048.2
O00747,2024-06-24,C0041,P002,West,5.0,65000,0.05,325000,16250.0,308750.0,205003.73,103746.27
O00748,2025-03-15,C0089,P009,North,5.0,1800,0.1,9000,900.0,8100.0,6799.71,1300.29
O00749,2025-05-03,C0031,P003,North,1.0,42000,0.15,42000,6300.0,35700.0,23358.15,12341.85
O00750,2024-03-28,C0064,P005,South,3.0,4500,0.1,13500,1350.0,12150.0,7804.5,4345.5
O00751,2025-01-06,C0044,P007,West,3.0,9000,0.05,27000,1350.0,25650.0,16030.0,9620.0
O00752,2024-09-23,C0053,P003,West,2.0,42000,0.0,84000,0.0,84000.0,53285.65,30714.35
O00753,2025-01-01,C0094,P006,North,5.0,3200,0.05,16000,800.0,15200.0,10540.9,4659.1
O00754,2025-12-01,C0072,P005,North,2.0,4500,0.1,9000,900.0,8100.0,6109.15,1990.85
O00755,2024-02-26,C0042,P013,South,1.0,10500,0.1,10500,1050.0,9450.0,6470.51,2979.49
O00756,2025-12-28,C0045,P013,West,3.0,10500,0.1,31500,3150.0,28350.0,17888.16,10461.84
O00757,2024-11-24,C0071,P001,West,2.0,85000,0.0,170000,0.0,170000.0,124598.31,45401.69
O00758,2025-07-18,C0035,P010,North,2.0,1200,0.05,2400,120.0,2280.0,1335.33,944.67
O00759,2024-11-06,C0017,P010,East,3.0,1200,0.1,3600,360.0,3240.0,2766.81,473.19
O00760,2024-08-15,C0047,P006,North,4.0,3200,0.05,12800,640.0,12160.0,10251.16,1908.84
O00761,2025-07-17,C0007,P008,East,2.0,12000,0.05,24000,1200.0,22800.0,17803.19,4996.81
O00762,2025-05-17,C0017,P012,West,2.0,14500,0.05,29000,1450.0,27550.0,20616.37,6933.63
O00763,2024-04-15,C0043,P006,South,1.0,3200,0.05,3200,160.0,3040.0,2327.66,712.34
O00764,2025-05-30,C0080,P001,North,2.0,85000,0.02,170000,3400.0,166600.0,123436.99,43163.01
O00765,2025-07-04,C0079,P006,East,3.0,3200,0.0,9600,0.0,9600.0,7694.98,1905.02
O00766,2024-10-10,C0027,P004,South,4.0,22000,0.1,88000,8800.0,79200.0,71311.91,7888.09
O00767,2025-11-07,C0043,P006,West,2.0,3200,0.1,6400,640.0,5760.0,4257.36,1502.64
O00768,2025-04-13,C0016,P004,South,1.0,22000,0.1,22000,2200.0,19800.0,15765.45,4034.55
O00769,2024-08-31,C0076,P003,West,3.0,42000,0.02,126000,2520.0,123480.0,96611.5,26868.5
O00770,2024-01-08,C0025,P015,North,4.0,500,0.0,2000,0.0,2000.0,1100.56,899.44
O00771,2025-05-08,C0080,P002,North,1.0,65000,0.02,65000,1300.0,63700.0,44999.13,18700.87
O00772,2024-06-01,C0085,P011,North,3.0,2200,0.1,6600,660.0,5940.0,4793.43,1146.57
O00773,2025-07-07,C0069,P011,North,1.0,2200,0.05,2200,110.0,2090.0,1636.02,453.98
O00774,2025-01-18,C0034,P010,North,3.0,1200,0.15,3600,540.0,3060.0,2338.46,721.54
O00775,2024-12-07,C0096,P014,East,4.0,700,0.02,2800,56.0,2744.0,1763.51,980.49
O00776,2024-04-29,C0069,P001,North,4.0,85000,0.05,340000,17000.0,323000.0,203720.69,119279.31
O00777,2025-06-04,C0065,P005,North,4.0,4500,0.1,18000,1800.0,16200.0,12610.98,3589.02
O00778,2024-05-01,C0086,P003,North,4.0,42000,0.0,168000,0.0,168000.0,134099.6,33900.4
O00779,2024-11-01,C0089,P009,North,2.0,1800,0.15,3600,540.0,3060.0,2850.89,209.11
O00780,2025-09-03,C0008,P010,West,5.0,1200,0.05,6000,300.0,5700.0,3883.14,1816.86
O00781,2025-11-03,C0089,P014,West,2.0,700,0.0,1400,0.0,1400.0,867.47,532.53
O00782,2025-12-24,C0077,P006,North,2.0,3200,0.0,6400,0.0,6400.0,4883.04,1516.96
O00783,2025-12-01,C0021,P004,West,4.0,22000,0.1,88000,8800.0,79200.0,65625.53,13574.47
O00784,2025-02-10,C0031,P014,East,2.0,700,0.05,1400,70.0,1330.0,961.02,368.98
O00785,2024-05-26,C0076,P011,West,1.0,2200,0.1,2200,220.0,1980.0,1441.08,538.92
O00786,2025-09-05,C0022,P012,South,4.0,14500,0.1,58000,5800.0,52200.0,33838.68,18361.32
O00787,2025-08-08,C0046,P007,North,4.0,9000,0.02,36000,720.0,35280.0,27431.55,7848.45
O00788,2025-12-24,C0069,P007,South,3.0,9000,0.1,27000,2700.0,24300.0,19351.32,4948.68
O00789,2025-04-20,C0066,P006,West,1.0,3200,0.1,3200,320.0,2880.0,2085.63,794.37
O00790,2024-04-13,C0091,P012,East,4.0,14500,0.0,58000,0.0,58000.0,46288.22,11711.78
O00791,2025-01-02,C0012,P004,South,1.0,22000,0.1,22000,2200.0,19800.0,16018.46,3781.54
O00792,2024-11-23,C0030,P015,North,3.0,500,0.02,1500,30.0,1470.0,1201.34,268.66
O00793,2025-09-08,C0099,P003,East,3.0,42000,0.02,126000,2520.0,123480.0,85439.51,38040.49
O00794,2024-10-13,C0057,P007,West,4.0,9000,0.02,36000,720.0,35280.0,24218.89,11061.11
O00795,2024-08-28,C0025,P005,South,5.0,4500,0.1,22500,2250.0,20250.0,18068.73,2181.27
O00796,2024-02-28,C0029,P010,East,1.0,1200,0.0,1200,0.0,1200.0,970.97,229.03
O00797,2025-09-02,C0034,P011,South,1.0,2200,0.02,2200,44.0,2156.0,1780.7,375.3
O00798,2025-07-06,C0056,P014,South,3.0,700,0.05,2100,105.0,1995.0,1619.31,375.69
O00799,2024-01-31,C0029,P012,South,5.0,14500,0.0,72500,0.0,72500.0,48926.6,23573.4
O00800,2024-11-13,C0063,P004,West,1.0,22000,0.1,22000,2200.0,19800.0,13349.18,6450.82
O00801,2024-12-16,C0045,P004,West,3.0,22000,0.1,66000,6600.0,59400.0,43132.92,16267.08
O00802,2024-12-09,C0062,P014,South,3.0,700,0.0,2100,0.0,2100.0,1687.01,412.99
O00803,2025-11-02,C0016,P008,South,2.0,12000,0.0,24000,0.0,24000.0,15555.83,8444.17
O00804,2024-04-20,C0063,P002,South,4.0,65000,0.15,260000,39000.0,221000.0,196121.56,24878.44
O00805,2024-08-11,C0093,P013,North,2.0,10500,0.0,21000,0.0,21000.0,16783.43,4216.57
O00806,2024-05-12,C0014,P010,North,3.0,1200,0.0,3600,0.0,3600.0,2923.22,676.78
O00807,2024-06-27,C0033,P001,North,5.0,85000,0.15,425000,63750.0,361250.0,342495.61,18754.39
O00808,2025-10-25,C0070,P012,South,2.0,14500,0.1,29000,2900.0,26100.0,20296.1,5803.9
O00809,2025-11-18,C0062,P010,North,1.0,1200,0.05,1200,60.0,1140.0,819.37,320.63
O00810,2024-02-02,C0068,P010,South,5.0,1200,0.05,6000,300.0,5700.0,4899.98,800.02
O00811,2025-04-07,C0056,P013,West,2.0,10500,0.1,21000,2100.0,18900.0,12787.08,6112.92
O00812,2024-06-19,C0069,P008,North,4.0,12000,0.05,48000,2400.0,45600.0,28830.39,16769.61
O00813,2024-05-20,C0061,P007,East,4.0,9000,0.05,36000,1800.0,34200.0,29162.13,5037.87
O00814,2024-08-01,C0008,P010,West,3.0,1200,0.1,3600,360.0,3240.0,2649.9,590.1
O00815,2024-05-22,C0076,P003,East,1.0,42000,0.05,42000,2100.0,39900.0,29181.69,10718.31
O00816,2024-12-24,C0045,P003,North,5.0,42000,0.05,210000,10500.0,199500.0,122987.22,76512.78
O00817,2025-12-28,C0006,P013,South,4.0,10500,0.02,42000,840.0,41160.0,28920.14,12239.86
O00818,2025-03-04,C0041,P004,East,3.0,22000,0.05,66000,3300.0,62700.0,53126.02,9573.98
O00819,2025-06-12,C0044,P008,South,5.0,12000,0.05,60000,3000.0,57000.0,42766.84,14233.16
O00820,2024-12-26,C0009,P005,North,4.0,4500,0.02,18000,360.0,17640.0,11866.5,5773.5
O00821,2024-01-11,C0100,P004,South,4.0,22000,0.02,88000,1760.0,86240.0,61494.21,24745.79
O00822,2024-03-02,C0023,P009,South,1.0,1800,0.1,1800,180.0,1620.0,1420.67,199.33
O00823,2024-07-15,C0034,P013,North,4.0,10500,0.02,42000,840.0,41160.0,33451.7,7708.3
O00824,2024-06-27,C0045,P007,East,2.0,9000,0.0,18000,0.0,18000.0,11844.43,6155.57
O00825,2025-09-06,C0084,P003,North,1.0,42000,0.02,42000,840.0,41160.0,29995.41,11164.59
O00826,2025-09-08,C0075,P004,South,2.0,22000,0.0,44000,0.0,44000.0,27516.93,16483.07
O00827,2025-09-16,C0078,P003,West,1.0,42000,0.1,42000,4200.0,37800.0,28215.31,9584.69
O00828,2025-04-11,C0024,P014,North,1.0,700,0.02,700,14.0,686.0,426.56,259.44
O00829,2025-02-10,C0085,P005,East,4.0,4500,0.02,18000,360.0,17640.0,12482.96,5157.04
O00830,2025-04-19,C0083,P006,South,3.0,3200,0.1,9600,960.0,8640.0,6778.8,1861.2
O00831,2024-10-24,C0047,P002,North,2.0,65000,0.0,130000,0.0,130000.0,83358.07,46641.93
O00832,2025-05-04,C0055,P007,West,1.0,9000,0.0,9000,0.0,9000.0,5611.25,3388.75
O00833,2025-08-03,C0004,P014,South,4.0,700,0.1,2800,280.0,2520.0,1654.18,865.82
O00834,2025-07-11,C0077,P007,North,4.0,9000,0.05,36000,1800.0,34200.0,21156.36,13043.64
O00835,2025-03-24,C0097,P010,West,3.0,1200,0.1,3600,360.0,3240.0,2671.54,568.46
O00836,2024-02-12,C0048,P003,East,1.0,42000,0.1,42000,4200.0,37800.0,25613.37,12186.63
O00837,2025-06-13,C0055,P003,East,1.0,42000,0.1,42000,4200.0,37800.0,24437.86,13362.14
O00838,2024-09-24,C0050,P011,North,1.0,2200,0.0,2200,0.0,2200.0,1803.33,396.67
O00839,2025-06-27,C0009,P001,North,1.0,85000,0.1,85000,8500.0,76500.0,52715.08,23784.92
O00840,2025-01-29,C0062,P007,East,5.0,9000,0.05,45000,2250.0,42750.0,35636.99,7113.01
O00841,2025-10-06,C0073,P005,North,2.0,4500,0.0,9000,0.0,9000.0,6430.32,2569.68
O00842,2024-09-04,C0093,P001,North,4.0,85000,0.1,340000,34000.0,306000.0,252643.44,53356.56
O00843,2025-11-11,C0093,P008,West,5.0,12000,0.02,60000,1200.0,58800.0,42086.89,16713.11
O00844,2025-09-09,C0050,P015,North,5.0,500,0.1,2500,250.0,2250.0,1497.05,752.95
O00845,2024-08-30,C0096,P002,North,2.0,65000,0.05,130000,6500.0,123500.0,101231.51,22268.49
O00846,2024-12-18,C0053,P013,North,3.0,10500,0.05,31500,1575.0,29925.0,24366.91,5558.09
O00847,2025-01-23,C0065,P009,South,3.0,1800,0.0,5400,0.0,5400.0,3479.84,1920.16
O00848,2025-07-15,C0061,P011,East,1.0,2200,0.1,2200,220.0,1980.0,1663.73,316.27
O00849,2025-05-18,C0100,P002,West,4.0,65000,0.05,260000,13000.0,247000.0,181121.43,65878.57
O00850,2025-09-14,C0074,P014,North,3.0,700,0.0,2100,0.0,2100.0,1670.43,429.57
O00851,2024-09-27,C0013,P001,North,2.0,85000,0.0,170000,0.0,170000.0,130349.64,39650.36
O00852,2025-01-04,C0008,P014,South,3.0,700,0.1,2100,210.0,1890.0,1178.24,711.76
O00853,2024-11-10,C0041,P010,South,4.0,1200,0.0,4800,0.0,4800.0,3779.54,1020.46
O00854,2025-10-26,C0052,P006,South,1.0,3200,0.05,3200,160.0,3040.0,2596.84,443.16
O00855,2024-08-10,C0067,P001,West,4.0,85000,0.05,340000,17000.0,323000.0,255129.94,67870.06
O00856,2025-03-05,C0049,P010,South,5.0,1200,0.02,6000,120.0,5880.0,3494.26,2385.74
O00857,2024-03-28,C0052,P002,South,4.0,65000,0.05,260000,13000.0,247000.0,199677.79,47322.21
O00858,2025-09-13,C0093,P010,West,4.0,1200,0.0,4800,0.0,4800.0,3479.15,1320.85
O00859,2024-10-07,C0034,P012,North,1.0,14500,0.1,14500,1450.0,13050.0,9301.51,3748.49
O00860,2024-09-05,C0050,P005,West,4.0,4500,0.1,18000,1800.0,16200.0,14196.39,2003.61
O00861,2025-03-02,C0056,P004,South,4.0,22000,0.02,88000,1760.0,86240.0,61837.86,24402.14
O00862,2024-12-30,C0047,P004,South,3.0,22000,0.05,66000,3300.0,62700.0,51499.18,11200.82
O00863,2025-09-11,C0097,P004,West,3.0,22000,0.05,66000,3300.0,62700.0,48241.43,14458.57
O00864,2025-01-23,C0097,P002,South,4.0,65000,0.15,260000,39000.0,221000.0,163253.83,57746.17
O00865,2025-01-12,C0052,P004,South,1.0,22000,0.02,22000,440.0,21560.0,17891.61,3668.39
O00866,2024-03-17,C0046,P010,North,2.0,1200,0.05,2400,120.0,2280.0,1690.01,589.99
O00867,2024-01-17,C0059,P005,East,4.0,4500,0.1,18000,1800.0,16200.0,12411.43,3788.57
O00868,2024-10-18,C0019,P012,East,5.0,14500,0.0,72500,0.0,72500.0,47773.7,24726.3
O00869,2025-12-30,C0043,P013,North,2.0,10500,0.05,21000,1050.0,19950.0,12323.07,7626.93
O00870,2025-11-01,C0022,P012,East,3.0,14500,0.0,43500,0.0,43500.0,31984.57,11515.43
O00871,2025-04-04,C0015,P009,East,5.0,1800,0.05,9000,450.0,8550.0,5996.84,2553.16
O00872,2025-04-06,C0010,P005,South,1.0,4500,0.02,4500,90.0,4410.0,3610.55,799.45
O00873,2024-10-13,C0059,P014,North,2.0,700,0.15,1400,210.0,1190.0,1134.81,55.19
O00874,2024-05-09,C0001,P004,South,1.0,22000,0.02,22000,440.0,21560.0,16659.79,4900.21
O00875,2024-01-07,C0065,P007,North,2.0,9000,0.0,18000,0.0,18000.0,11078.52,6921.48
O00876,2024-09-04,C0044,P007,North,4.0,9000,0.1,36000,3600.0,32400.0,26759.32,5640.68
O00877,2024-08-19,C0037,P012,South,2.0,14500,0.1,29000,2900.0,26100.0,16109.9,9990.1
O00878,2024-05-20,C0077,P009,North,5.0,1800,0.05,9000,450.0,8550.0,6958.15,1591.85
O00879,2024-07-08,C0054,P012,North,5.0,14500,0.05,72500,3625.0,68875.0,49537.58,19337.42
O00880,2024-01-19,C0074,P014,East,5.0,700,0.02,3500,70.0,3430.0,2810.22,619.78
O00881,2025-03-20,C0071,P006,North,4.0,3200,0.05,12800,640.0,12160.0,8345.54,3814.46
O00882,2025-11-08,C0004,P014,West,4.0,700,0.0,2800,0.0,2800.0,1738.96,1061.04
O00883,2025-05-19,C0022,P003,West,3.0,42000,0.0,126000,0.0,126000.0,103151.82,22848.18
O00884,2024-11-23,C0057,P014,East,5.0,700,0.1,3500,350.0,3150.0,2426.49,723.51
O00885,2024-11-03,C0098,P003,West,1.0,42000,0.05,42000,2100.0,39900.0,32888.49,7011.51
O00886,2024-08-12,C0016,P013,West,4.0,10500,0.0,42000,0.0,42000.0,33431.39,8568.61
O00887,2024-04-14,C0011,P006,North,1.0,3200,0.0,3200,0.0,3200.0,2207.96,992.04
O00888,2025-03-13,C0095,P015,East,2.0,500,0.1,1000,100.0,900.0,673.04,226.96
O00889,2025-02-18,C0097,P002,North,2.0,65000,0.0,130000,0.0,130000.0,90906.3,39093.7
O00890,2024-01-06,C0017,P007,East,4.0,9000,0.02,36000,720.0,35280.0,28040.03,7239.97
O00891,2024-10-30,C0041,P014,South,4.0,700,0.0,2800,0.0,2800.0,2269.28,530.72
O00892,2024-07-22,C0063,P001,North,1.0,85000,0.0,85000,0.0,85000.0,54284.99,30715.01
O00893,2024-05-04,C0020,P004,North,4.0,22000,0.02,88000,1760.0,86240.0,65949.86,20290.14
O00894,2025-05-28,C0033,P002,West,2.0,65000,0.15,130000,19500.0,110500.0,81516.64,28983.36
O00895,2025-01-19,C0040,P005,North,1.0,4500,0.02,4500,90.0,4410.0,3217.31,1192.69
O00896,2025-04-08,C0065,P006,North,3.0,3200,0.05,9600,480.0,9120.0,7366.01,1753.99
O00897,2025-06-05,C0031,P010,North,3.0,1200,0.05,3600,180.0,3420.0,2841.66,578.34
O00898,2025-12-18,C0042,P004,South,2.0,22000,0.05,44000,2200.0,41800.0,29530.75,12269.25
O00899,2025-08-09,C0029,P003,West,2.0,42000,0.05,84000,4200.0,79800.0,54586.06,25213.94
O00900,2025-03-29,C0076,P003,East,5.0,42000,0.05,210000,10500.0,199500.0,129870.71,69629.29
O00901,2025-10-04,C0016,P015,South,2.0,500,0.05,1000,50.0,950.0,586.02,363.98
O00902,2024-12-15,C0024,P015,North,5.0,500,0.05,2500,125.0,2375.0,1621.32,753.68
O00903,2025-12-20,C0025,P004,North,5.0,22000,0.1,110000,11000.0,99000.0,86397.74,12602.26
O00904,2025-07-10,C0091,P003,South,2.0,42000,0.05,84000,4200.0,79800.0,55698.6,24101.4
O00905,2025-04-20,C0095,P001,West,3.0,85000,0.1,255000,25500.0,229500.0,162095.63,67404.37
O00906,2025-10-22,C0051,P015,East,4.0,500,0.0,2000,0.0,2000.0,1499.13,500.87
O00907,2025-01-11,C0016,P011,South,3.0,2200,0.05,6600,330.0,6270.0,4014.17,2255.83
O00908,2025-06-10,C0076,P012,East,3.0,14500,0.05,43500,2175.0,41325.0,26935.09,14389.91
O00909,2024-07-27,C0050,P005,South,2.0,4500,0.02,9000,180.0,8820.0,7224.26,1595.74
O00910,2025-12-05,C0085,P010,East,1.0,1200,0.1,1200,120.0,1080.0,686.44,393.56
O00911,2025-03-31,C0036,P001,South,1.0,85000,0.02,85000,1700.0,83300.0,56265.79,27034.21
O00912,2025-07-25,C0100,P011,East,2.0,2200,0.0,4400,0.0,4400.0,3105.18,1294.82
O00913,2024-12-02,C0081,P009,South,4.0,1800,0.1,7200,720.0,6480.0,4407.63,2072.37
O00914,2025-09-25,C0023,P005,West,2.0,4500,0.0,9000,0.0,9000.0,5632.86,3367.14
O00915,2024-02-24,C0073,P011,South,1.0,2200,0.02,2200,44.0,2156.0,1341.78,814.22
O00916,2024-03-24,C0029,P010,North,2.0,1200,0.02,2400,48.0,2352.0,1543.68,808.32
O00917,2025-01-05,C0035,P007,North,3.0,9000,0.1,27000,2700.0,24300.0,21400.11,2899.89
O00918,2025-06-19,C0026,P003,South,2.0,42000,0.05,84000,4200.0,79800.0,55988.4,23811.6
O00919,2025-08-14,C0069,P001,South,2.0,85000,0.05,170000,8500.0,161500.0,112678.35,48821.65
O00920,2024-11-17,C0027,P015,South,1.0,500,0.1,500,50.0,450.0,327.19,122.81
O00921,2025-04-19,C0064,P005,East,2.0,4500,0.05,9000,450.0,8550.0,7292.8,1257.2
O00922,2025-02-08,C0059,P005,North,2.0,4500,0.1,9000,900.0,8100.0,5235.04,2864.96
O00923,2025-12-03,C0076,P011,East,5.0,2200,0.1,11000,1100.0,9900.0,8639.47,1260.53
O00924,2025-04-23,C0100,P004,East,5.0,22000,0.02,110000,2200.0,107800.0,70216.68,37583.32
O00925,2024-10-31,C0001,P006,South,2.0,3200,0.15,6400,960.0,5440.0,5172.85,267.15
O00926,2025-12-09,C0100,P011,South,1.0,2200,0.05,2200,110.0,2090.0,1397.24,692.76
O00927,2024-03-19,C0011,P009,North,1.0,1800,0.0,1800,0.0,1800.0,1030.28,769.72
O00928,2025-12-20,C0053,P010,South,2.0,1200,0.02,2400,48.0,2352.0,1656.99,695.01
O00929,2024-04-22,C0035,P001,West,3.0,85000,0.05,255000,12750.0,242250.0,155938.55,86311.45
O00930,2024-07-29,C0064,P007,West,3.0,9000,0.0,27000,0.0,27000.0,20339.3,6660.7
O00931,2025-08-23,C0073,P008,East,2.0,12000,0.05,24000,1200.0,22800.0,17459.34,5340.66
O00932,2025-06-20,C0086,P010,North,2.0,1200,0.02,2400,48.0,2352.0,1764.83,587.17
O00933,2025-12-10,C0041,P003,East,2.0,42000,0.05,84000,4200.0,79800.0,50588.34,29211.66
O00934,2025-07-02,C0094,P003,East,3.0,42000,0.0,126000,0.0,126000.0,93407.6,32592.4
O00935,2025-04-10,C0033,P012,South,4.0,14500,0.1,58000,5800.0,52200.0,36775.44,15424.56
O00936,2024-09-10,C0021,P011,West,1.0,2200,0.02,2200,44.0,2156.0,1803.21,352.79
O00937,2024-01-04,C0038,P013,North,3.0,10500,0.0,31500,0.0,31500.0,23548.68,7951.32
O00938,2024-03-31,C0053,P005,North,4.0,4500,0.02,18000,360.0,17640.0,12769.4,4870.6
O00939,2024-08-05,C0067,P015,North,4.0,500,0.05,2000,100.0,1900.0,1568.24,331.76
O00940,2024-01-30,C0084,P005,North,3.0,4500,0.05,13500,675.0,12825.0,9573.04,3251.96
O00941,2025-01-06,C0023,P010,West,3.0,1200,0.05,3600,180.0,3420.0,2517.27,902.73
O00942,2025-07-22,C0031,P003,South,4.0,42000,0.0,168000,0.0,168000.0,103164.64,64835.36
O00943,2025-12-05,C0094,P014,North,2.0,700,0.1,1400,140.0,1260.0,1026.33,233.67
O00944,2024-12-23,C0044,P005,South,3.0,4500,0.05,13500,675.0,12825.0,8790.58,4034.42
O00945,2025-10-01,C0025,P013,South,2.0,10500,0.0,21000,0.0,21000.0,11794.28,9205.72
O00946,2025-12-21,C0099,P005,North,3.0,4500,0.1,13500,1350.0,12150.0,10399.55,1750.45
O00947,2025-09-20,C0045,P012,North,1.0,14500,0.05,14500,725.0,13775.0,8178.08,5596.92
O00948,2024-12-05,C0099,P007,East,2.0,9000,0.05,18000,900.0,17100.0,13167.38,3932.62
O00949,2024-08-25,C0092,P001,North,1.0,85000,0.02,85000,1700.0,83300.0,50346.74,32953.26
O00950,2025-12-15,C0091,P003,West,2.0,42000,0.02,84000,1680.0,82320.0,56010.68,26309.32
O00951,2024-06-25,C0059,P011,North,3.0,2200,0.05,6600,330.0,6270.0,5160.9,1109.1
O00952,2024-10-27,C0080,P003,East,3.0,42000,0.0,126000,0.0,126000.0,72512.15,53487.85
O00953,2024-02-24,C0097,P005,West,5.0,4500,0.02,22500,450.0,22050.0,16427.94,5622.06
O00954,2025-08-03,C0027,P009,North,1.0,1800,0.15,1800,270.0,1530.0,1287.73,242.27
O00955,2025-04-20,C0004,P004,North,5.0,22000,0.05,110000,5500.0,104500.0,86265.63,18234.37
O00956,2024-03-03,C0033,P002,West,2.0,65000,0.02,130000,2600.0,127400.0,77562.99,49837.01
O00957,2024-06-11,C0064,P010,South,4.0,1200,0.0,4800,0.0,4800.0,3676.52,1123.48
O00958,2025-02-10,C0055,P011,East,4.0,2200,0.05,8800,440.0,8360.0,5909.49,2450.51
O00959,2025-01-30,C0009,P011,North,5.0,2200,0.02,11000,220.0,10780.0,7323.07,3456.93
O00960,2025-08-09,C0057,P015,North,1.0,500,0.0,500,0.0,500.0,323.84,176.16
O00961,2024-07-13,C0018,P002,South,5.0,65000,0.0,325000,0.0,325000.0,212584.13,112415.87
O00962,2025-11-06,C0051,P007,West,1.0,9000,0.05,9000,450.0,8550.0,6213.5,2336.5
O00963,2024-11-20,C0058,P004,North,5.0,22000,0.05,110000,5500.0,104500.0,63671.95,40828.05
O00964,2025-08-24,C0064,P014,West,4.0,700,0.0,2800,0.0,2800.0,1861.35,938.65
O00965,2024-06-23,C0042,P009,East,3.0,1800,0.0,5400,0.0,5400.0,3920.59,1479.41
O00966,2024-01-28,C0041,P002,North,2.0,65000,0.05,130000,6500.0,123500.0,88986.55,34513.45
O00967,2024-02-10,C0068,P011,North,1.0,2200,0.05,2200,110.0,2090.0,1308.5,781.5
O00968,2024-09-29,C0075,P001,North,5.0,85000,0.05,425000,21250.0,403750.0,275410.18,128339.82
O00969,2025-11-27,C0081,P005,South,4.0,4500,0.0,18000,0.0,18000.0,12052.79,5947.21
O00970,2024-02-05,C0034,P011,East,5.0,2200,0.05,11000,550.0,10450.0,8036.56,2413.44
O00971,2024-09-26,C0043,P008,South,4.0,12000,0.1,48000,4800.0,43200.0,38073.93,5126.07
O00972,2024-03-20,C0034,P012,North,5.0,14500,0.05,72500,3625.0,68875.0,50648.6,18226.4
O00973,2025-11-11,C0053,P009,East,5.0,1800,0.0,9000,0.0,9000.0,6593.57,2406.43
O00974,2025-05-08,C0013,P013,East,3.0,10500,0.05,31500,1575.0,29925.0,17981.5,11943.5
O00975,2025-07-11,C0044,P009,South,4.0,1800,0.02,7200,144.0,7056.0,5815.48,1240.52
O00976,2025-06-05,C0019,P001,South,2.0,85000,0.0,170000,0.0,170000.0,107968.08,62031.92
O00977,2025-04-25,C0054,P002,North,4.0,65000,0.02,260000,5200.0,254800.0,167871.28,86928.72
O00978,2025-07-19,C0086,P012,East,4.0,14500,0.1,58000,5800.0,52200.0,35389.72,16810.28
O00979,2024-01-06,C0099,P001,South,3.0,85000,0.02,255000,5100.0,249900.0,146079.53,103820.47
O00980,2025-09-24,C0045,P006,South,4.0,3200,0.1,12800,1280.0,11520.0,9770.4,1749.6
O00981,2025-06-24,C0006,P001,North,2.0,85000,0.05,170000,8500.0,161500.0,104538.49,56961.51
O00982,2025-06-24,C0023,P005,East,4.0,4500,0.05,18000,900.0,17100.0,11273.86,5826.14
O00983,2024-10-14,C0011,P009,East,3.0,1800,0.0,5400,0.0,5400.0,3235.06,2164.94
O00984,2025-08-08,C0076,P003,South,2.0,42000,0.05,84000,4200.0,79800.0,68310.4,11489.6
O00985,2024-10-06,C0099,P007,West,5.0,9000,0.0,45000,0.0,45000.0,34239.57,10760.43
O00986,2024-02-05,C0056,P015,West,1.0,500,0.05,500,25.0,475.0,400.54,74.46
O00987,2025-10-25,C0018,P002,North,4.0,65000,0.02,260000,5200.0,254800.0,203492.98,51307.02
O00988,2024-06-20,C0003,P001,East,2.0,85000,0.02,170000,3400.0,166600.0,135099.02,31500.98
O00989,2024-03-15,C0098,P005,South,2.0,4500,0.05,9000,450.0,8550.0,6114.05,2435.95
O00990,2025-03-30,C0032,P013,West,1.0,10500,0.0,10500,0.0,10500.0,6258.48,4241.52
O00991,2024-06-19,C0012,P007,North,1.0,9000,0.02,9000,180.0,8820.0,5744.32,3075.68
O00992,2025-09-19,C0018,P010,North,1.0,1200,0.15,1200,180.0,1020.0,754.75,265.25
O00993,2024-11-20,C0026,P001,South,5.0,85000,0.0,425000,0.0,425000.0,316041.11,108958.89
O00994,2024-01-04,C0066,P012,North,5.0,14500,0.02,72500,1450.0,71050.0,40377.54,30672.46
O00995,2025-11-26,C0090,P002,East,3.0,65000,0.02,195000,3900.0,191100.0,114728.52,76371.48
O00996,2025-01-11,C0028,P011,South,1.0,2200,0.02,2200,44.0,2156.0,1615.63,540.37
O00997,2024-07-11,C0069,P003,North,5.0,42000,0.05,210000,10500.0,199500.0,122499.18,77000.82
O00998,2025-05-10,C0007,P013,South,4.0,10500,0.0,42000,0.0,42000.0,23647.63,18352.37
O00999,2025-01-22,C0002,P005,West,3.0,4500,0.05,13500,675.0,12825.0,7823.09,5001.91
O01000,2024-01-22,C0006,P003,West,5.0,42000,0.05,210000,10500.0,199500.0,154661.22,44838.78
O01001,2025-07-09,C0093,P006,South,3.0,3200,0.02,9600,192.0,9408.0,5641.13,3766.87
O01002,2024-10-20,C0059,P001,North,2.0,85000,0.1,170000,17000.0,153000.0,100215.37,52784.63
O01003,2025-05-26,C0081,P003,North,4.0,42000,0.15,168000,25200.0,142800.0,102846.42,39953.58
O01004,2025-10-16,C0003,P009,West,3.0,1800,0.0,5400,0.0,5400.0,4064.83,1335.17
O01005,2025-03-22,C0003,P005,East,4.0,4500,0.02,18000,360.0,17640.0,10873.72,6766.28
O01006,2025-05-05,C0085,P006,East,4.0,3200,0.0,12800,0.0,12800.0,7162.26,5637.74
O01007,2024-07-05,C0011,P013,West,5.0,10500,0.0,52500,0.0,52500.0,41715.61,10784.39
O01008,2024-06-22,C0016,P002,North,2.0,65000,0.05,130000,6500.0,123500.0,102258.78,21241.22
O01009,2024-10-30,C0052,P006,East,1.0,3200,0.05,3200,160.0,3040.0,1919.68,1120.32
O01010,2025-09-15,C0061,P003,North,3.0,42000,0.02,126000,2520.0,123480.0,78326.95,45153.05
O01011,2025-01-18,C0023,P008,North,4.0,12000,0.02,48000,960.0,47040.0,28843.71,18196.29
O01012,2024-09-11,C0045,P005,South,5.0,4500,0.02,22500,450.0,22050.0,16746.17,5303.83
O01013,2025-07-23,C0068,P001,South,2.0,85000,0.15,170000,25500.0,144500.0,104975.41,39524.59
O01014,2025-09-15,C0045,P002,West,4.0,65000,0.1,260000,26000.0,234000.0,208387.77,25612.23
O01015,2025-10-21,C0039,P013,South,5.0,10500,0.0,52500,0.0,52500.0,40606.81,11893.19
O01016,2024-08-06,C0008,P001,West,5.0,85000,0.05,425000,21250.0,403750.0,301269.03,102480.97
O01017,2025-06-02,C0046,P012,East,5.0,14500,0.05,72500,3625.0,68875.0,40049.97,28825.03
O01018,2025-03-07,C0081,P014,East,5.0,700,0.05,3500,175.0,3325.0,2760.07,564.93
O01019,2024-11-24,C0063,P007,West,4.0,9000,0.05,36000,1800.0,34200.0,26873.84,7326.16
O01020,2024-10-17,C0090,P005,South,2.0,4500,0.1,9000,900.0,8100.0,6864.61,1235.39
O01021,2024-03-24,C0013,P012,South,3.0,14500,0.0,43500,0.0,43500.0,24768.59,18731.41
O01022,2024-07-19,C0002,P015,North,4.0,500,0.02,2000,40.0,1960.0,1482.62,477.38
O01023,2025-02-05,C0055,P002,North,2.0,65000,0.15,130000,19500.0,110500.0,99741.09,10758.91
O01024,2025-10-10,C0018,P015,West,4.0,500,0.0,2000,0.0,2000.0,1616.58,383.42
O01025,2025-09-25,C0060,P015,South,3.0,500,0.0,1500,0.0,1500.0,1060.09,439.91
O01026,2024-05-17,C0091,P003,South,4.0,42000,0.05,168000,8400.0,159600.0,115444.78,44155.22
O01027,2025-05-11,C0034,P001,North,3.0,85000,0.1,255000,25500.0,229500.0,169538.57,59961.43
O01028,2024-03-02,C0055,P011,South,4.0,2200,0.05,8800,440.0,8360.0,6506.26,1853.74
O01029,2025-05-08,C0069,P002,East,1.0,65000,0.1,65000,6500.0,58500.0,51910.41,6589.59
O01030,2024-09-06,C0016,P010,North,4.0,1200,0.05,4800,240.0,4560.0,3417.28,1142.72
O01031,2024-11-24,C0090,P001,East,5.0,85000,0.0,425000,0.0,425000.0,259830.8,165169.2
O01032,2025-06-08,C0021,P011,East,5.0,2200,0.05,11000,550.0,10450.0,6102.19,4347.81
O01033,2024-11-06,C0081,P004,West,5.0,22000,0.1,110000,11000.0,99000.0,78887.66,20112.34
O01034,2025-08-13,C0066,P002,North,2.0,65000,0.1,130000,13000.0,117000.0,101847.39,15152.61
O01035,2025-01-25,C0015,P001,East,1.0,85000,0.0,85000,0.0,85000.0,48264.13,36735.87
O01036,2025-12-31,C0073,P003,North,4.0,42000,0.0,168000,0.0,168000.0,110433.83,57566.17
O01037,2025-04-11,C0020,P009,South,1.0,1800,0.1,1800,180.0,1620.0,1446.86,173.14
O01038,2024-08-04,C0060,P002,East,2.0,65000,0.02,130000,2600.0,127400.0,89108.86,38291.14
O01039,2025-07-20,C0096,P013,East,4.0,10500,0.0,42000,0.0,42000.0,25602.26,16397.74
O01040,2024-10-25,C0096,P010,North,3.0,1200,0.1,3600,360.0,3240.0,2323.75,916.25
O01041,2025-01-25,C0088,P005,West,4.0,4500,0.05,18000,900.0,17100.0,11883.56,5216.44
O01042,2024-04-10,C0050,P015,North,4.0,500,0.02,2000,40.0,1960.0,1163.34,796.66
O01043,2024-03-28,C0056,P010,East,1.0,1200,0.0,1200,0.0,1200.0,874.1,325.9
O01044,2025-02-24,C0031,P011,West,4.0,2200,0.0,8800,0.0,8800.0,6246.98,2553.02
O01045,2024-05-16,C0093,P003,South,3.0,42000,0.1,126000,12600.0,113400.0,91335.53,22064.47
O01046,2025-12-30,C0048,P011,West,3.0,2200,0.05,6600,330.0,6270.0,4718.43,1551.57
O01047,2025-09-17,C0078,P009,East,3.0,1800,0.0,5400,0.0,5400.0,2994.31,2405.69
O01048,2025-05-27,C0036,P015,West,3.0,500,0.02,1500,30.0,1470.0,895.66,574.34
O01049,2025-06-21,C0075,P008,East,3.0,12000,0.0,36000,0.0,36000.0,21409.36,14590.64
O01050,2025-03-11,C0023,P011,East,2.0,2200,0.0,4400,0.0,4400.0,2536.37,1863.63
O01051,2024-02-14,C0074,P006,North,2.0,3200,0.02,6400,128.0,6272.0,4790.9,1481.1
O01052,2024-10-13,C0005,P001,East,1.0,85000,0.05,85000,4250.0,80750.0,49507.15,31242.85
O01053,2024-12-28,C0011,P002,North,2.0,65000,0.0,130000,0.0,130000.0,94953.61,35046.39
O01054,2025-10-31,C0036,P014,West,2.0,700,0.02,1400,28.0,1372.0,837.43,534.57
O01055,2024-06-09,C0049,P012,North,3.0,14500,0.05,43500,2175.0,41325.0,25314.55,16010.45
O01056,2024-12-29,C0072,P006,North,5.0,3200,0.02,16000,320.0,15680.0,9502.13,6177.87
O01057,2024-09-08,C0036,P011,West,1.0,2200,0.0,2200,0.0,2200.0,1511.99,688.01
O01058,2024-04-08,C0002,P001,North,2.0,85000,0.0,170000,0.0,170000.0,123127.65,46872.35
O01059,2024-03-16,C0033,P001,South,1.0,85000,0.0,85000,0.0,85000.0,65383.68,19616.32
O01060,2024-09-24,C0044,P008,East,5.0,12000,0.02,60000,1200.0,58800.0,35082.71,23717.29
O01061,2024-03-01,C0055,P010,North,4.0,1200,0.05,4800,240.0,4560.0,3438.58,1121.42
O01062,2024-02-19,C0065,P015,North,2.0,500,0.0,1000,0.0,1000.0,758.94,241.06
O01063,2024-09-13,C0025,P012,South,3.0,14500,0.1,43500,4350.0,39150.0,27594.2,11555.8
O01064,2024-05-27,C0062,P004,North,4.0,22000,0.05,88000,4400.0,83600.0,50294.04,33305.96
O01065,2025-02-09,C0064,P013,North,5.0,10500,0.0,52500,0.0,52500.0,31085.53,21414.47
O01066,2024-01-13,C0078,P008,North,3.0,12000,0.0,36000,0.0,36000.0,20689.95,15310.05
O01067,2024-08-08,C0053,P013,South,2.0,10500,0.0,21000,0.0,21000.0,16580.49,4419.51
O01068,2024-11-27,C0082,P003,North,4.0,42000,0.0,168000,0.0,168000.0,109487.19,58512.81
O01069,2025-12-05,C0023,P001,North,4.0,85000,0.05,340000,17000.0,323000.0,235043.4,87956.6
O01070,2025-04-08,C0072,P001,East,4.0,85000,0.0,340000,0.0,340000.0,257565.57,82434.43
O01071,2025-10-05,C0005,P015,East,1.0,500,0.1,500,50.0,450.0,325.15,124.85
O01072,2024-09-07,C0011,P002,North,4.0,65000,0.05,260000,13000.0,247000.0,188567.01,58432.99
O01073,2024-11-24,C0087,P015,North,1.0,500,0.05,500,25.0,475.0,285.35,189.65
O01074,2024-11-03,C0048,P011,West,5.0,2200,0.1,11000,1100.0,9900.0,7478.29,2421.71
O01075,2025-10-10,C0063,P003,East,5.0,42000,0.05,210000,10500.0,199500.0,120972.63,78527.37
O01076,2025-12-02,C0061,P013,South,3.0,10500,0.1,31500,3150.0,28350.0,19436.66,8913.34
O01077,2025-12-04,C0070,P003,South,4.0,42000,0.15,168000,25200.0,142800.0,105705.94,37094.06
O01078,2025-07-03,C0025,P003,North,1.0,42000,0.02,42000,840.0,41160.0,31237.4,9922.6
O01079,2025-01-02,C0018,P009,West,5.0,1800,0.0,9000,0.0,9000.0,6588.07,2411.93
O01080,2025-01-30,C0005,P005,West,2.0,4500,0.02,9000,180.0,8820.0,6765.4,2054.6
O01081,2025-12-17,C0087,P005,West,2.0,4500,0.0,9000,0.0,9000.0,5100.06,3899.94
O01082,2024-07-26,C0023,P003,North,4.0,42000,0.05,168000,8400.0,159600.0,137483.95,22116.05
O01083,2024-09-10,C0058,P010,North,5.0,1200,0.02,6000,120.0,5880.0,3388.16,2491.84
O01084,2025-10-17,C0046,P001,North,3.0,85000,0.05,255000,12750.0,242250.0,197102.74,45147.26
O01085,2024-10-09,C0017,P004,North,3.0,22000,0.1,66000,6600.0,59400.0,49491.59,9908.41
O01086,2024-06-20,C0042,P009,South,3.0,1800,0.02,5400,108.0,5292.0,3832.79,1459.21
O01087,2025-02-13,C0009,P008,East,2.0,12000,0.05,24000,1200.0,22800.0,16043.79,6756.21
O01088,2024-08-25,C0018,P011,North,3.0,2200,0.02,6600,132.0,6468.0,4979.21,1488.79
O01089,2025-10-13,C0014,P004,West,5.0,22000,0.1,110000,11000.0,99000.0,82473.78,16526.22
O01090,2025-10-26,C0083,P010,North,2.0,1200,0.05,2400,120.0,2280.0,1408.89,871.11
O01091,2024-08-11,C0057,P012,North,4.0,14500,0.0,58000,0.0,58000.0,44312.62,13687.38
O01092,2025-01-22,C0093,P006,West,4.0,3200,0.05,12800,640.0,12160.0,7311.49,4848.51
O01093,2025-12-20,C0044,P004,East,5.0,22000,0.0,110000,0.0,110000.0,75366.22,34633.78
O01094,2025-06-26,C0021,P009,South,4.0,1800,0.05,7200,360.0,6840.0,5214.04,1625.96
O01095,2024-06-06,C0061,P009,East,5.0,1800,0.05,9000,450.0,8550.0,6946.7,1603.3
O01096,2025-03-07,C0093,P002,North,4.0,65000,0.02,260000,5200.0,254800.0,175510.34,79289.66
O01097,2025-03-29,C0054,P009,North,5.0,1800,0.05,9000,450.0,8550.0,5525.57,3024.43
O01098,2025-04-22,C0002,P003,South,4.0,42000,0.1,168000,16800.0,151200.0,114656.32,36543.68
O01099,2024-01-19,C0031,P009,South,5.0,1800,0.1,9000,900.0,8100.0,5558.01,2541.99
O01100,2024-08-06,C0093,P014,East,5.0,700,0.05,3500,175.0,3325.0,2424.65,900.35
O01101,2025-09-16,C0052,P009,North,5.0,1800,0.05,9000,450.0,8550.0,6073.89,2476.11
O01102,2024-06-25,C0096,P012,East,3.0,14500,0.02,43500,870.0,42630.0,33092.03,9537.97
O01103,2024-08-07,C0051,P005,West,4.0,4500,0.1,18000,1800.0,16200.0,11066.84,5133.16
O01104,2024-08-23,C0002,P014,North,5.0,700,0.1,3500,350.0,3150.0,2113.99,1036.01
O01105,2024-05-09,C0088,P013,North,2.0,10500,0.0,21000,0.0,21000.0,14238.63,6761.37
O01106,2024-04-23,C0077,P014,South,1.0,700,0.0,700,0.0,700.0,394.55,305.45
O01107,2024-09-10,C0072,P012,West,5.0,14500,0.02,72500,1450.0,71050.0,44364.34,26685.66
O01108,2025-10-01,C0098,P010,East,4.0,1200,0.0,4800,0.0,4800.0,3098.4,1701.6
O01109,2024-01-02,C0020,P008,East,3.0,12000,0.02,36000,720.0,35280.0,24539.76,10740.24
O01110,2024-07-26,C0091,P014,South,4.0,700,0.0,2800,0.0,2800.0,1743.69,1056.31
O01111,2024-02-14,C0024,P013,North,1.0,10500,0.05,10500,525.0,9975.0,7364.4,2610.6
O01112,2025-02-14,C0098,P007,South,3.0,9000,0.0,27000,0.0,27000.0,21253.64,5746.36
O01113,2024-07-02,C0020,P002,North,2.0,65000,0.02,130000,2600.0,127400.0,90584.83,36815.17
O01114,2025-08-01,C0056,P001,East,2.0,85000,0.05,170000,8500.0,161500.0,106665.93,54834.07
O01115,2025-03-03,C0079,P004,North,5.0,22000,0.02,110000,2200.0,107800.0,62340.83,45459.17
O01116,2025-07-26,C0008,P001,North,3.0,85000,0.02,255000,5100.0,249900.0,149659.48,100240.52
O01117,2025-04-09,C0007,P004,South,1.0,22000,0.1,22000,2200.0,19800.0,15433.63,4366.37
O01118,2024-11-16,C0085,P002,South,2.0,65000,0.15,130000,19500.0,110500.0,95498.18,15001.82
O01119,2025-09-21,C0007,P015,East,2.0,500,0.05,1000,50.0,950.0,563.41,386.59
O01120,2024-12-14,C0062,P002,South,5.0,65000,0.0,325000,0.0,325000.0,195032.0,129968.0
O01121,2025-11-25,C0094,P010,West,2.0,1200,0.0,2400,0.0,2400.0,1526.76,873.24
O01122,2025-12-28,C0062,P006,West,2.0,3200,0.15,6400,960.0,5440.0,4072.57,1367.43
O01123,2025-03-06,C0049,P003,West,2.0,42000,0.05,84000,4200.0,79800.0,67936.67,11863.33
O01124,2025-05-08,C0042,P011,East,1.0,2200,0.1,2200,220.0,1980.0,1331.04,648.96
O01125,2024-07-05,C0064,P015,East,4.0,500,0.05,2000,100.0,1900.0,1133.76,766.24
O01126,2025-08-18,C0058,P012,East,3.0,14500,0.0,43500,0.0,43500.0,28071.16,15428.84
O01127,2025-05-05,C0051,P015,South,3.0,500,0.02,1500,30.0,1470.0,879.45,590.55
O01128,2025-10-21,C0016,P009,South,2.0,1800,0.1,3600,360.0,3240.0,2103.04,1136.96
O01129,2024-07-14,C0067,P011,East,4.0,2200,0.1,8800,880.0,7920.0,5808.1,2111.9
O01130,2025-07-29,C0074,P003,North,1.0,42000,0.0,42000,0.0,42000.0,26574.48,15425.52
O01131,2024-12-09,C0071,P013,North,5.0,10500,0.05,52500,2625.0,49875.0,30175.23,19699.77
O01132,2024-05-15,C0008,P012,West,3.0,14500,0.0,43500,0.0,43500.0,31022.54,12477.46
O01133,2024-05-05,C0071,P004,North,2.0,22000,0.15,44000,6600.0,37400.0,30160.19,7239.81
O01134,2025-02-14,C0073,P006,South,3.0,3200,0.02,9600,192.0,9408.0,5479.84,3928.16
O01135,2024-08-21,C0019,P010,East,5.0,1200,0.05,6000,300.0,5700.0,4697.65,1002.35
O01136,2024-03-15,C0085,P001,North,1.0,85000,0.0,85000,0.0,85000.0,53284.16,31715.84
O01137,2024-11-08,C0053,P013,West,3.0,10500,0.05,31500,1575.0,29925.0,25501.54,4423.46
O01138,2025-04-22,C0048,P005,North,3.0,4500,0.05,13500,675.0,12825.0,10820.46,2004.54
O01139,2024-08-21,C0073,P002,West,5.0,65000,0.02,325000,6500.0,318500.0,216841.98,101658.02
O01140,2025-11-29,C0051,P005,West,3.0,4500,0.1,13500,1350.0,12150.0,8258.13,3891.87
O01141,2025-07-23,C0055,P013,North,4.0,10500,0.1,42000,4200.0,37800.0,32567.23,5232.77
O01142,2025-01-09,C0032,P005,North,4.0,4500,0.1,18000,1800.0,16200.0,11655.85,4544.15
O01143,2025-11-14,C0093,P009,North,5.0,1800,0.02,9000,180.0,8820.0,5347.43,3472.57
O01144,2024-11-12,C0097,P013,South,2.0,10500,0.05,21000,1050.0,19950.0,14677.62,5272.38
O01145,2024-04-12,C0014,P001,North,4.0,85000,0.05,340000,17000.0,323000.0,231927.14,91072.86
O01146,2024-01-27,C0074,P012,West,2.0,14500,0.05,29000,1450.0,27550.0,22605.64,4944.36
O01147,2025-11-16,C0003,P005,North,5.0,4500,0.05,22500,1125.0,21375.0,16805.38,4569.62
O01148,2025-12-02,C0037,P011,West,5.0,2200,0.05,11000,550.0,10450.0,8652.13,1797.87
O01149,2025-06-24,C0097,P003,North,2.0,42000,0.0,84000,0.0,84000.0,62863.06,21136.94
O01150,2024-03-16,C0018,P003,West,3.0,42000,0.02,126000,2520.0,123480.0,91146.79,32333.21
O01151,2024-08-02,C0038,P012,North,5.0,14500,0.0,72500,0.0,72500.0,49665.97,22834.03
O01152,2024-01-31,C0022,P013,South,1.0,10500,0.02,10500,210.0,10290.0,8574.71,1715.29
O01153,2024-02-07,C0073,P015,South,4.0,500,0.0,2000,0.0,2000.0,1617.95,382.05
O01154,2024-06-28,C0047,P011,North,5.0,2200,0.0,11000,0.0,11000.0,8571.09,2428.91
O01155,2025-02-22,C0060,P007,West,5.0,9000,0.1,45000,4500.0,40500.0,34170.13,6329.87
O01156,2024-02-17,C0095,P003,North,1.0,42000,0.05,42000,2100.0,39900.0,29649.53,10250.47
O01157,2025-12-20,C0053,P005,South,4.0,4500,0.0,18000,0.0,18000.0,11162.4,6837.6
O01158,2024-11-28,C0074,P010,South,4.0,1200,0.1,4800,480.0,4320.0,3774.57,545.43
O01159,2024-07-11,C0010,P006,East,1.0,3200,0.1,3200,320.0,2880.0,1769.35,1110.65
O01160,2025-01-12,C0022,P008,North,4.0,12000,0.1,48000,4800.0,43200.0,29347.62,13852.38
O01161,2025-07-31,C0095,P003,North,4.0,42000,0.1,168000,16800.0,151200.0,110713.3,40486.7
O01162,2024-08-16,C0086,P007,North,5.0,9000,0.15,45000,6750.0,38250.0,31871.81,6378.19
O01163,2024-02-04,C0066,P004,North,1.0,22000,0.05,22000,1100.0,20900.0,15431.62,5468.38
O01164,2024-02-07,C0038,P002,North,5.0,65000,0.15,325000,48750.0,276250.0,194177.84,82072.16
O01165,2025-09-14,C0020,P002,West,3.0,65000,0.1,195000,19500.0,175500.0,112767.63,62732.37
O01166,2024-03-22,C0086,P008,South,2.0,12000,0.02,24000,480.0,23520.0,14640.69,8879.31
O01167,2025-04-09,C0079,P006,East,2.0,3200,0.1,6400,640.0,5760.0,4122.57,1637.43
O01168,2024-10-08,C0025,P002,South,4.0,65000,0.1,260000,26000.0,234000.0,143986.57,90013.43
O01169,2025-07-22,C0059,P008,North,5.0,12000,0.1,60000,6000.0,54000.0,44217.78,9782.22
O01170,2024-02-14,C0062,P003,South,2.0,42000,0.1,84000,8400.0,75600.0,51818.46,23781.54
O01171,2025-10-18,C0048,P001,North,5.0,85000,0.02,425000,8500.0,416500.0,274073.66,142426.34
O01172,2025-05-25,C0093,P002,South,4.0,65000,0.02,260000,5200.0,254800.0,166510.1,88289.9
O01173,2024-11-24,C0013,P007,South,1.0,9000,0.05,9000,450.0,8550.0,6193.75,2356.25
O01174,2024-05-31,C0026,P015,South,3.0,500,0.05,1500,75.0,1425.0,1173.22,251.78
O01175,2025-12-15,C0010,P004,West,5.0,22000,0.1,110000,11000.0,99000.0,64936.88,34063.12
O01176,2024-08-08,C0070,P005,North,1.0,4500,0.1,4500,450.0,4050.0,2888.98,1161.02
O01177,2024-12-24,C0065,P004,South,1.0,22000,0.05,22000,1100.0,20900.0,16210.65,4689.35
O01178,2024-10-15,C0099,P006,North,1.0,3200,0.15,3200,480.0,2720.0,1798.22,921.78
O01179,2024-06-17,C0055,P011,South,3.0,2200,0.0,6600,0.0,6600.0,5109.02,1490.98
O01180,2024-10-31,C0016,P005,East,1.0,4500,0.15,4500,675.0,3825.0,3643.62,181.38
O01181,2024-04-20,C0046,P010,North,5.0,1200,0.0,6000,0.0,6000.0,4284.37,1715.63
O01182,2024-01-02,C0009,P014,East,1.0,700,0.05,700,35.0,665.0,565.78,99.22
O01183,2024-07-30,C0068,P015,South,1.0,500,0.0,500,0.0,500.0,330.76,169.24
O01184,2024-03-22,C0068,P009,North,2.0,1800,0.05,3600,180.0,3420.0,2383.41,1036.59
O01185,2024-10-30,C0086,P011,West,4.0,2200,0.02,8800,176.0,8624.0,5092.45,3531.55
O01186,2025-09-22,C0034,P014,South,5.0,700,0.0,3500,0.0,3500.0,1958.5,1541.5
O01187,2024-04-28,C0032,P012,West,2.0,14500,0.05,29000,1450.0,27550.0,17864.47,9685.53
O01188,2024-01-01,C0008,P005,South,3.0,4500,0.05,13500,675.0,12825.0,9167.78,3657.22
O01189,2024-03-22,C0042,P002,West,4.0,65000,0.0,260000,0.0,260000.0,178639.3,81360.7
O01190,2025-01-06,C0048,P002,North,4.0,65000,0.05,260000,13000.0,247000.0,158273.79,88726.21
O01191,2024-07-19,C0076,P014,South,1.0,700,0.0,700,0.0,700.0,500.82,199.18
O01192,2024-12-23,C0076,P009,East,5.0,1800,0.0,9000,0.0,9000.0,5390.33,3609.67
O01193,2024-01-22,C0015,P005,South,5.0,4500,0.0,22500,0.0,22500.0,14356.73,8143.27
O01194,2024-08-31,C0029,P006,South,4.0,3200,0.05,12800,640.0,12160.0,7716.37,4443.63
O01195,2024-10-26,C0052,P005,West,3.0,4500,0.1,13500,1350.0,12150.0,9964.34,2185.66
O01196,2024-11-11,C0034,P013,South,2.0,10500,0.05,21000,1050.0,19950.0,14478.97,5471.03
O01197,2025-02-06,C0003,P010,East,5.0,1200,0.1,6000,600.0,5400.0,4492.48,907.52
O01198,2025-07-24,C0085,P014,East,5.0,700,0.05,3500,175.0,3325.0,1979.1,1345.9
O01199,2024-12-07,C0074,P005,West,3.0,4500,0.1,13500,1350.0,12150.0,8975.44,3174.56
O01200,2025-09-06,C0053,P008,West,4.0,12000,0.15,48000,7200.0,40800.0,38931.78,1868.22
O01201,2025-01-22,C0032,P002,East,2.0,65000,0.02,130000,2600.0,127400.0,73382.04,54017.96
O01202,2024-07-09,C0085,P015,North,4.0,500,0.0,2000,0.0,2000.0,1325.92,674.08
O01203,2024-06-16,C0004,P008,North,1.0,12000,0.0,12000,0.0,12000.0,6730.89,5269.11
O01204,2024-08-23,C0045,P009,East,5.0,1800,0.05,9000,450.0,8550.0,5306.37,3243.63
O01205,2025-03-12,C0081,P007,West,3.0,9000,0.05,27000,1350.0,25650.0,18221.82,7428.18
O01206,2024-06-26,C0096,P005,South,3.0,4500,0.0,13500,0.0,13500.0,7999.14,5500.86
O01207,2025-10-30,C0026,P015,North,1.0,500,0.1,500,50.0,450.0,345.03,104.97
O01208,2024-12-16,C0066,P008,North,3.0,12000,0.15,36000,5400.0,30600.0,28768.95,1831.05
O01209,2025-09-23,C0019,P011,South,1.0,2200,0.02,2200,44.0,2156.0,1329.04,826.96
O01210,2025-05-14,C0012,P001,West,5.0,85000,0.0,425000,0.0,425000.0,246049.65,178950.35
O01211,2024-08-31,C0036,P005,North,4.0,4500,0.0,18000,0.0,18000.0,13910.84,4089.16
O01212,2024-06-15,C0089,P013,East,3.0,10500,0.02,31500,630.0,30870.0,21239.6,9630.4
O01213,2025-06-27,C0069,P002,East,5.0,65000,0.1,325000,32500.0,292500.0,256199.12,36300.88
O01214,2024-08-29,C0049,P002,West,5.0,65000,0.05,325000,16250.0,308750.0,205612.32,103137.68
O01215,2024-06-29,C0029,P013,North,1.0,10500,0.0,10500,0.0,10500.0,7554.05,2945.95
O01216,2025-11-11,C0015,P005,West,1.0,4500,0.05,4500,225.0,4275.0,3596.83,678.17
O01217,2024-12-18,C0028,P005,East,2.0,4500,0.0,9000,0.0,9000.0,5367.22,3632.78
O01218,2024-02-05,C0016,P009,West,1.0,1800,0.02,1800,36.0,1764.0,1379.15,384.85
O01219,2024-12-27,C0019,P003,North,3.0,42000,0.02,126000,2520.0,123480.0,90784.2,32695.8
O01220,2024-12-02,C0069,P001,South,3.0,85000,0.05,255000,12750.0,242250.0,196221.38,46028.62
O01221,2025-09-23,C0014,P001,East,3.0,85000,0.05,255000,12750.0,242250.0,152002.24,90247.76
O01222,2025-06-04,C0005,P002,North,1.0,65000,0.1,65000,6500.0,58500.0,43368.22,15131.78
O01223,2024-05-19,C0055,P003,South,5.0,42000,0.0,210000,0.0,210000.0,122805.07,87194.93
O01224,2024-04-19,C0029,P011,South,5.0,2200,0.1,11000,1100.0,9900.0,8901.44,998.56
O01225,2025-03-17,C0046,P005,South,3.0,4500,0.0,13500,0.0,13500.0,7653.51,5846.49
O01226,2024-02-04,C0014,P002,North,1.0,65000,0.02,65000,1300.0,63700.0,36899.23,26800.77
O01227,2024-08-21,C0021,P001,South,2.0,85000,0.1,170000,17000.0,153000.0,134725.37,18274.63
O01228,2024-04-11,C0045,P008,North,4.0,12000,0.05,48000,2400.0,45600.0,30297.88,15302.12
O01229,2024-01-16,C0070,P013,West,4.0,10500,0.0,42000,0.0,42000.0,29870.21,12129.79
O01230,2025-11-02,C0042,P006,West,2.0,3200,0.05,6400,320.0,6080.0,4016.76,2063.24
O01231,2024-03-06,C0055,P001,North,5.0,85000,0.05,425000,21250.0,403750.0,308195.02,95554.98
O01232,2024-01-07,C0053,P004,North,5.0,22000,0.1,110000,11000.0,99000.0,66216.34,32783.66
O01233,2025-11-12,C0027,P008,North,3.0,12000,0.05,36000,1800.0,34200.0,24260.21,9939.79
O01234,2024-05-17,C0028,P003,South,2.0,42000,0.0,84000,0.0,84000.0,58299.6,25700.4
O01235,2025-08-19,C0043,P015,West,3.0,500,0.05,1500,75.0,1425.0,960.13,464.87
O01236,2024-01-23,C0004,P012,South,1.0,14500,0.0,14500,0.0,14500.0,8960.41,5539.59
O01237,2024-04-22,C0069,P006,North,3.0,3200,0.0,9600,0.0,9600.0,5643.42,3956.58
O01238,2024-03-21,C0062,P015,North,1.0,500,0.05,500,25.0,475.0,370.33,104.67
O01239,2025-05-31,C0031,P005,North,1.0,4500,0.1,4500,450.0,4050.0,2679.46,1370.54
O01240,2025-03-29,C0038,P003,West,3.0,42000,0.0,126000,0.0,126000.0,79238.14,46761.86
O01241,2024-12-13,C0033,P015,East,3.0,500,0.1,1500,150.0,1350.0,961.45,388.55
O01242,2024-06-25,C0066,P015,East,5.0,500,0.05,2500,125.0,2375.0,1681.7,693.3
O01243,2024-03-05,C0076,P005,North,3.0,4500,0.1,13500,1350.0,12150.0,9985.86,2164.14
O01244,2025-02-20,C0011,P009,West,5.0,1800,0.0,9000,0.0,9000.0,5989.91,3010.09
O01245,2024-06-17,C0042,P003,South,5.0,42000,0.02,210000,4200.0,205800.0,164891.01,40908.99
O01246,2025-03-07,C0002,P010,West,2.0,1200,0.0,2400,0.0,2400.0,1760.5,639.5
O01247,2025-05-17,C0046,P011,West,5.0,2200,0.0,11000,0.0,11000.0,8540.31,2459.69
O01248,2025-09-12,C0025,P011,South,3.0,2200,0.02,6600,132.0,6468.0,4906.54,1561.46
O01249,2024-12-27,C0034,P009,West,3.0,1800,0.02,5400,108.0,5292.0,3186.71,2105.29
O01250,2024-01-04,C0046,P011,North,1.0,2200,0.0,2200,0.0,2200.0,1790.89,409.11
O01251,2024-07-24,C0033,P009,East,2.0,1800,0.0,3600,0.0,3600.0,2744.56,855.44
O01252,2025-09-15,C0040,P013,North,3.0,10500,0.1,31500,3150.0,28350.0,22196.0,6154.0
O01253,2025-01-24,C0077,P003,South,2.0,42000,0.1,84000,8400.0,75600.0,49947.44,25652.56
O01254,2025-03-28,C0082,P008,North,3.0,12000,0.02,36000,720.0,35280.0,21478.46,13801.54
O01255,2024-11-30,C0001,P007,North,1.0,9000,0.1,9000,900.0,8100.0,6442.82,1657.18
O01256,2024-04-28,C0038,P009,North,2.0,1800,0.0,3600,0.0,3600.0,2384.54,1215.46
O01257,2025-10-17,C0085,P003,South,4.0,42000,0.02,168000,3360.0,164640.0,123056.99,41583.01
O01258,2025-07-19,C0054,P005,East,4.0,4500,0.1,18000,1800.0,16200.0,11710.0,4490.0
O01259,2025-12-28,C0021,P015,South,5.0,500,0.02,2500,50.0,2450.0,1721.17,728.83
O01260,2025-09-17,C0060,P002,North,5.0,65000,0.0,325000,0.0,325000.0,195243.32,129756.68
O01261,2024-07-31,C0015,P010,West,5.0,1200,0.02,6000,120.0,5880.0,3551.43,2328.57
O01262,2024-07-04,C0003,P010,West,1.0,1200,0.05,1200,60.0,1140.0,684.51,455.49
O01263,2024-06-30,C0064,P008,North,4.0,12000,0.05,48000,2400.0,45600.0,37022.53,8577.47
O01264,2025-11-02,C0052,P001,South,2.0,85000,0.02,170000,3400.0,166600.0,118992.23,47607.77
O01265,2025-02-11,C0076,P001,East,2.0,85000,0.02,170000,3400.0,166600.0,136973.77,29626.23
O01266,2024-11-28,C0035,P005,East,2.0,4500,0.02,9000,180.0,8820.0,6771.25,2048.75
O01267,2025-12-08,C0086,P002,South,3.0,65000,0.05,195000,9750.0,185250.0,147725.38,37524.62
O01268,2025-03-17,C0043,P002,East,1.0,65000,0.0,65000,0.0,65000.0,44683.98,20316.02
O01269,2025-10-26,C0074,P003,North,3.0,42000,0.1,126000,12600.0,113400.0,97041.74,16358.26
O01270,2025-12-20,C0011,P003,South,1.0,42000,0.05,42000,2100.0,39900.0,33783.0,6117.0
O01271,2024-02-28,C0010,P013,East,3.0,10500,0.02,31500,630.0,30870.0,23463.4,7406.6
O01272,2024-09-21,C0079,P010,East,4.0,1200,0.05,4800,240.0,4560.0,2776.84,1783.16
O01273,2025-06-20,C0084,P001,West,1.0,85000,0.0,85000,0.0,85000.0,61690.91,23309.09
O01274,2025-08-17,C0095,P010,North,1.0,1200,0.02,1200,24.0,1176.0,699.02,476.98
O01275,2024-04-18,C0033,P003,North,5.0,42000,0.02,210000,4200.0,205800.0,119878.51,85921.49
O01276,2024-08-20,C0003,P007,North,4.0,9000,0.05,36000,1800.0,34200.0,26534.99,7665.01
O01277,2025-02-04,C0098,P001,North,2.0,85000,0.05,170000,8500.0,161500.0,131816.65,29683.35
O01278,2025-08-07,C0061,P002,North,5.0,65000,0.15,325000,48750.0,276250.0,192688.34,83561.66
O01279,2024-03-23,C0025,P002,South,2.0,65000,0.02,130000,2600.0,127400.0,74102.62,53297.38
O01280,2025-03-15,C0077,P007,South,5.0,9000,0.02,45000,900.0,44100.0,35521.25,8578.75
O01281,2024-08-04,C0091,P007,East,1.0,9000,0.05,9000,450.0,8550.0,5271.27,3278.73
O01282,2024-06-07,C0029,P006,South,4.0,3200,0.02,12800,256.0,12544.0,7161.26,5382.74
O01283,2025-01-11,C0077,P010,North,1.0,1200,0.0,1200,0.0,1200.0,893.62,306.38
O01284,2024-10-29,C0079,P011,East,1.0,2200,0.15,2200,330.0,1870.0,1713.54,156.46
O01285,2025-04-09,C0051,P011,North,3.0,2200,0.1,6600,660.0,5940.0,4546.79,1393.21
O01286,2024-08-20,C0064,P009,West,1.0,1800,0.15,1800,270.0,1530.0,1252.4,277.6
O01287,2025-08-24,C0027,P009,North,3.0,1800,0.0,5400,0.0,5400.0,3461.14,1938.86
O01288,2024-02-27,C0093,P008,South,2.0,12000,0.0,24000,0.0,24000.0,14745.24,9254.76
O01289,2025-09-22,C0099,P004,West,1.0,22000,0.02,22000,440.0,21560.0,16586.08,4973.92
O01290,2024-01-22,C0099,P008,East,5.0,12000,0.1,60000,6000.0,54000.0,46758.41,7241.59
O01291,2025-06-21,C0074,P001,East,5.0,85000,0.0,425000,0.0,425000.0,270612.84,154387.16
O01292,2024-09-10,C0005,P015,East,5.0,500,0.0,2500,0.0,2500.0,1559.83,940.17
O01293,2024-10-07,C0037,P006,North,1.0,3200,0.0,3200,0.0,3200.0,1991.37,1208.63
O01294,2024-01-14,C0045,P012,East,2.0,14500,0.1,29000,2900.0,26100.0,16346.16,9753.84
O01295,2025-05-28,C0096,P015,West,2.0,500,0.1,1000,100.0,900.0,625.89,274.11
O01296,2024-04-30,C0055,P008,West,2.0,12000,0.05,24000,1200.0,22800.0,13366.22,9433.78
O01297,2025-04-26,C0054,P013,South,3.0,10500,0.0,31500,0.0,31500.0,24030.41,7469.59
O01298,2025-06-14,C0015,P008,South,3.0,12000,0.05,36000,1800.0,34200.0,22287.61,11912.39
O01299,2025-09-09,C0080,P002,East,3.0,65000,0.02,195000,3900.0,191100.0,143586.67,47513.33
O01300,2025-06-01,C0034,P001,South,2.0,85000,0.0,170000,0.0,170000.0,118432.35,51567.65
O01301,2024-08-08,C0010,P003,North,5.0,42000,0.02,210000,4200.0,205800.0,162984.19,42815.81
O01302,2025-06-23,C0099,P015,North,5.0,500,0.05,2500,125.0,2375.0,2023.26,351.74
O01303,2025-08-26,C0020,P008,North,2.0,12000,0.02,24000,480.0,23520.0,15580.05,7939.95
O01304,2024-08-19,C0002,P005,South,2.0,4500,0.15,9000,1350.0,7650.0,5164.67,2485.33
O01305,2024-03-31,C0008,P007,North,3.0,9000,0.05,27000,1350.0,25650.0,20314.92,5335.08
O01306,2025-10-12,C0046,P004,North,2.0,22000,0.02,44000,880.0,43120.0,24453.07,18666.93
O01307,2024-04-18,C0011,P014,North,5.0,700,0.05,3500,175.0,3325.0,2135.7,1189.3
O01308,2025-03-10,C0085,P015,West,3.0,500,0.05,1500,75.0,1425.0,846.57,578.43
O01309,2024-06-21,C0052,P002,North,1.0,65000,0.0,65000,0.0,65000.0,51512.5,13487.5
O01310,2024-04-02,C0033,P011,North,1.0,2200,0.05,2200,110.0,2090.0,1213.15,876.85
O01311,2025-07-21,C0001,P006,South,1.0,3200,0.0,3200,0.0,3200.0,2185.73,1014.27
O01312,2024-04-15,C0048,P001,North,2.0,85000,0.02,170000,3400.0,166600.0,112961.56,53638.44
O01313,2025-05-04,C0016,P014,West,2.0,700,0.05,1400,70.0,1330.0,1016.74,313.26
O01314,2025-05-21,C0098,P001,West,5.0,85000,0.05,425000,21250.0,403750.0,266998.13,136751.87
O01315,2024-02-14,C0030,P004,South,5.0,22000,0.02,110000,2200.0,107800.0,86448.75,21351.25
O01316,2024-05-06,C0048,P001,South,1.0,85000,0.0,85000,0.0,85000.0,63603.23,21396.77
O01317,2025-08-03,C0002,P008,South,5.0,12000,0.05,60000,3000.0,57000.0,40003.17,16996.83
O01318,2025-01-05,C0014,P009,North,3.0,1800,0.02,5400,108.0,5292.0,3492.0,1800.0
O01319,2024-03-29,C0021,P005,North,2.0,4500,0.1,9000,900.0,8100.0,6932.61,1167.39
O01320,2025-12-25,C0006,P002,North,3.0,65000,0.05,195000,9750.0,185250.0,147109.22,38140.78
O01321,2024-07-12,C0073,P002,North,3.0,65000,0.1,195000,19500.0,175500.0,128257.35,47242.65
O01322,2024-01-03,C0095,P015,East,1.0,500,0.02,500,10.0,490.0,321.09,168.91
O01323,2025-11-06,C0099,P013,North,5.0,10500,0.1,52500,5250.0,47250.0,29426.24,17823.76
O01324,2024-01-13,C0027,P015,North,1.0,500,0.0,500,0.0,500.0,286.03,213.97
O01325,2025-02-08,C0079,P008,South,1.0,12000,0.02,12000,240.0,11760.0,6774.7,4985.3
O01326,2025-12-26,C0051,P009,South,2.0,1800,0.0,3600,0.0,3600.0,2003.73,1596.27
O01327,2025-02-26,C0005,P012,North,1.0,14500,0.0,14500,0.0,14500.0,8573.5,5926.5
O01328,2025-03-03,C0010,P010,North,1.0,1200,0.1,1200,120.0,1080.0,937.71,142.29
O01329,2024-10-10,C0055,P007,North,2.0,9000,0.05,18000,900.0,17100.0,13779.05,3320.95
O01330,2024-04-02,C0043,P005,North,2.0,4500,0.05,9000,450.0,8550.0,7004.74,1545.26
O01331,2025-02-22,C0001,P008,West,1.0,12000,0.05,12000,600.0,11400.0,8621.11,2778.89
O01332,2025-10-17,C0094,P001,West,5.0,85000,0.05,425000,21250.0,403750.0,305361.24,98388.76
O01333,2024-03-07,C0074,P003,South,5.0,42000,0.05,210000,10500.0,199500.0,122526.93,76973.07
O01334,2025-10-05,C0051,P012,South,4.0,14500,0.1,58000,5800.0,52200.0,42845.8,9354.2
O01335,2024-10-30,C0099,P014,East,3.0,700,0.05,2100,105.0,1995.0,1313.77,681.23
O01336,2025-01-26,C0098,P002,East,5.0,65000,0.05,325000,16250.0,308750.0,224314.48,84435.52
O01337,2024-04-30,C0098,P002,North,2.0,65000,0.02,130000,2600.0,127400.0,105010.76,22389.24
O01338,2025-03-30,C0026,P002,North,3.0,65000,0.15,195000,29250.0,165750.0,153087.9,12662.1
O01339,2024-05-13,C0089,P012,South,1.0,14500,0.0,14500,0.0,14500.0,8887.95,5612.05
O01340,2024-07-18,C0051,P005,East,4.0,4500,0.02,18000,360.0,17640.0,13480.12,4159.88
O01341,2025-06-11,C0073,P005,North,1.0,4500,0.1,4500,450.0,4050.0,2601.47,1448.53
O01342,2024-02-06,C0086,P001,North,4.0,85000,0.0,340000,0.0,340000.0,189454.96,150545.04
O01343,2024-11-22,C0017,P015,North,4.0,500,0.0,2000,0.0,2000.0,1115.21,884.79
O01344,2025-03-10,C0045,P007,North,2.0,9000,0.02,18000,360.0,17640.0,10727.4,6912.6
O01345,2024-04-06,C0013,P012,South,4.0,14500,0.02,58000,1160.0,56840.0,42782.89,14057.11
O01346,2024-08-03,C0028,P011,East,2.0,2200,0.1,4400,440.0,3960.0,2851.61,1108.39
O01347,2024-09-08,C0042,P003,South,2.0,42000,0.1,84000,8400.0,75600.0,46561.57,29038.43
O01348,2025-04-30,C0086,P013,North,3.0,10500,0.05,31500,1575.0,29925.0,25728.13,4196.87
O01349,2025-12-14,C0087,P009,North,2.0,1800,0.15,3600,540.0,3060.0,2498.44,561.56
O01350,2025-09-03,C0039,P010,West,4.0,1200,0.05,4800,240.0,4560.0,3150.47,1409.53
O01351,2024-05-18,C0033,P004,South,2.0,22000,0.1,44000,4400.0,39600.0,30363.94,9236.06
O01352,2024-01-14,C0054,P013,North,3.0,10500,0.0,31500,0.0,31500.0,21747.35,9752.65
O01353,2024-02-07,C0092,P014,North,5.0,700,0.05,3500,175.0,3325.0,2369.37,955.63
O01354,2025-03-11,C0098,P007,West,2.0,9000,0.0,18000,0.0,18000.0,12878.93,5121.07
O01355,2024-04-24,C0023,P002,East,3.0,65000,0.0,195000,0.0,195000.0,153878.24,41121.76
O01356,2024-06-18,C0019,P013,West,5.0,10500,0.05,52500,2625.0,49875.0,33151.79,16723.21
O01357,2025-09-11,C0071,P014,East,2.0,700,0.0,1400,0.0,1400.0,954.07,445.93
O01358,2025-09-30,C0031,P008,South,1.0,12000,0.05,12000,600.0,11400.0,6611.81,4788.19
O01359,2025-09-05,C0020,P009,South,2.0,1800,0.05,3600,180.0,3420.0,2815.74,604.26
O01360,2024-07-04,C0004,P004,North,5.0,22000,0.0,110000,0.0,110000.0,69585.35,40414.65
O01361,2025-03-28,C0041,P002,East,4.0,65000,0.02,260000,5200.0,254800.0,162045.04,92754.96
O01362,2025-03-22,C0040,P015,East,5.0,500,0.05,2500,125.0,2375.0,2048.34,326.66
O01363,2024-05-15,C0057,P008,North,2.0,12000,0.1,24000,2400.0,21600.0,16986.87,4613.13
O01364,2025-02-08,C0021,P005,West,5.0,4500,0.02,22500,450.0,22050.0,13122.49,8927.51
O01365,2025-01-18,C0072,P011,South,2.0,2200,0.15,4400,660.0,3740.0,2735.44,1004.56
O01366,2024-10-16,C0069,P001,North,4.0,85000,0.1,340000,34000.0,306000.0,219426.2,86573.8
O01367,2025-07-03,C0047,P002,South,5.0,65000,0.05,325000,16250.0,308750.0,265276.77,43473.23
O01368,2025-05-10,C0019,P004,West,2.0,22000,0.02,44000,880.0,43120.0,29315.79,13804.21
O01369,2025-01-24,C0051,P007,West,5.0,9000,0.05,45000,2250.0,42750.0,27546.13,15203.87
O01370,2025-06-14,C0068,P006,South,4.0,3200,0.1,12800,1280.0,11520.0,9008.99,2511.01
O01371,2025-07-11,C0038,P003,West,4.0,42000,0.02,168000,3360.0,164640.0,110759.9,53880.1
O01372,2025-02-18,C0027,P006,West,4.0,3200,0.15,12800,1920.0,10880.0,7229.94,3650.06
O01373,2024-07-14,C0051,P006,West,1.0,3200,0.1,3200,320.0,2880.0,2503.83,376.17
O01374,2025-07-08,C0036,P008,West,4.0,12000,0.05,48000,2400.0,45600.0,26603.31,18996.69
O01375,2025-06-08,C0041,P009,South,2.0,1800,0.05,3600,180.0,3420.0,2853.33,566.67
O01376,2025-12-19,C0035,P014,East,2.0,700,0.05,1400,70.0,1330.0,1069.32,260.68
O01377,2024-04-19,C0031,P013,East,1.0,10500,0.1,10500,1050.0,9450.0,5989.96,3460.04
O01378,2024-11-02,C0072,P005,East,1.0,4500,0.1,4500,450.0,4050.0,3354.19,695.81
O01379,2025-11-06,C0047,P014,North,5.0,700,0.0,3500,0.0,3500.0,2653.54,846.46
O01380,2025-01-11,C0047,P008,East,2.0,12000,0.0,24000,0.0,24000.0,17102.95,6897.05
O01381,2025-11-20,C0066,P003,West,2.0,42000,0.02,84000,1680.0,82320.0,59301.57,23018.43
O01382,2024-01-10,C0037,P006,North,3.0,3200,0.1,9600,960.0,8640.0,5408.79,3231.21
O01383,2024-01-26,C0011,P012,West,4.0,14500,0.02,58000,1160.0,56840.0,32831.71,24008.29
O01384,2025-08-04,C0086,P013,South,3.0,10500,0.1,31500,3150.0,28350.0,23510.59,4839.41
O01385,2024-09-19,C0006,P006,North,3.0,3200,0.05,9600,480.0,9120.0,5553.62,3566.38
O01386,2025-01-15,C0058,P003,North,5.0,42000,0.02,210000,4200.0,205800.0,129212.56,76587.44
O01387,2024-11-08,C0027,P003,West,3.0,42000,0.1,126000,12600.0,113400.0,86270.42,27129.58
O01388,2024-10-25,C0022,P002,South,4.0,65000,0.05,260000,13000.0,247000.0,154524.29,92475.71
O01389,2025-11-17,C0005,P011,North,5.0,2200,0.02,11000,220.0,10780.0,8395.82,2384.18
O01390,2024-03-09,C0091,P008,East,4.0,12000,0.0,48000,0.0,48000.0,36863.62,11136.38
O01391,2025-07-18,C0043,P007,South,1.0,9000,0.0,9000,0.0,9000.0,6996.41,2003.59
O01392,2025-10-12,C0035,P011,South,2.0,2200,0.0,4400,0.0,4400.0,2478.89,1921.11
O01393,2025-04-25,C0075,P013,West,4.0,10500,0.02,42000,840.0,41160.0,27952.08,13207.92
O01394,2024-10-15,C0004,P012,East,3.0,14500,0.05,43500,2175.0,41325.0,33872.05,7452.95
O01395,2024-04-26,C0057,P003,West,2.0,42000,0.02,84000,1680.0,82320.0,54437.82,27882.18
O01396,2025-05-13,C0050,P009,East,2.0,1800,0.0,3600,0.0,3600.0,2656.34,943.66
O01397,2024-12-08,C0056,P014,West,1.0,700,0.02,700,14.0,686.0,496.37,189.63
O01398,2024-04-19,C0013,P012,North,2.0,14500,0.02,29000,580.0,28420.0,18668.64,9751.36
O01399,2024-09-19,C0096,P005,North,4.0,4500,0.15,18000,2700.0,15300.0,11243.33,4056.67
O01400,2025-12-03,C0024,P006,North,1.0,3200,0.02,3200,64.0,3136.0,2323.97,812.03
O01401,2024-07-12,C0068,P014,South,5.0,700,0.0,3500,0.0,3500.0,2051.27,1448.73
O01402,2024-05-10,C0075,P001,East,2.0,85000,0.05,170000,8500.0,161500.0,132979.62,28520.38
O01403,2025-05-13,C0035,P008,East,5.0,12000,0.1,60000,6000.0,54000.0,42338.38,11661.62
O01404,2024-05-25,C0014,P002,South,2.0,65000,0.1,130000,13000.0,117000.0,75413.77,41586.23
O01405,2025-11-03,C0030,P014,North,5.0,700,0.1,3500,350.0,3150.0,2589.83,560.17
O01406,2025-09-19,C0081,P001,East,3.0,85000,0.1,255000,25500.0,229500.0,169932.1,59567.9
O01407,2025-12-19,C0091,P001,West,5.0,85000,0.05,425000,21250.0,403750.0,257168.34,146581.66
O01408,2025-10-29,C0094,P005,North,1.0,4500,0.15,4500,675.0,3825.0,3642.7,182.3
O01409,2024-06-27,C0023,P004,North,4.0,22000,0.0,88000,0.0,88000.0,65498.83,22501.17
O01410,2024-06-04,C0061,P008,North,2.0,12000,0.1,24000,2400.0,21600.0,17042.6,4557.4
O01411,2024-09-07,C0016,P005,South,2.0,4500,0.1,9000,900.0,8100.0,7012.75,1087.25
O01412,2024-12-09,C0072,P006,North,1.0,3200,0.1,3200,320.0,2880.0,2229.9,650.1
O01413,2025-10-05,C0042,P009,South,5.0,1800,0.05,9000,450.0,8550.0,6022.77,2527.23
O01414,2025-06-20,C0072,P009,East,4.0,1800,0.1,7200,720.0,6480.0,4328.28,2151.72
O01415,2025-04-16,C0069,P015,South,5.0,500,0.0,2500,0.0,2500.0,1478.54,1021.46
O01416,2025-10-04,C0100,P008,South,3.0,12000,0.05,36000,1800.0,34200.0,23998.74,10201.26
O01417,2025-04-17,C0049,P009,North,1.0,1800,0.02,1800,36.0,1764.0,1211.6,552.4
O01418,2024-10-04,C0035,P011,West,2.0,2200,0.05,4400,220.0,4180.0,3291.18,888.82
O01419,2024-10-28,C0053,P003,South,3.0,42000,0.05,126000,6300.0,119700.0,84339.73,35360.27
O01420,2025-01-12,C0017,P011,South,1.0,2200,0.02,2200,44.0,2156.0,1562.34,593.66
O01421,2024-03-05,C0012,P013,North,5.0,10500,0.0,52500,0.0,52500.0,40675.95,11824.05
O01422,2025-06-26,C0052,P005,East,5.0,4500,0.02,22500,450.0,22050.0,18409.51,3640.49
O01423,2025-04-22,C0083,P003,West,3.0,42000,0.05,126000,6300.0,119700.0,80272.31,39427.69
O01424,2025-06-18,C0054,P006,North,3.0,3200,0.05,9600,480.0,9120.0,7617.87,1502.13
O01425,2025-01-25,C0079,P005,North,4.0,4500,0.05,18000,900.0,17100.0,13817.41,3282.59
O01426,2025-07-26,C0018,P009,North,4.0,1800,0.0,7200,0.0,7200.0,4092.21,3107.79
O01427,2025-11-25,C0045,P013,East,1.0,10500,0.1,10500,1050.0,9450.0,6722.34,2727.66
O01428,2025-02-20,C0062,P009,West,3.0,1800,0.05,5400,270.0,5130.0,3289.36,1840.64
O01429,2024-11-20,C0035,P002,South,4.0,65000,0.0,260000,0.0,260000.0,189639.78,70360.22
O01430,2024-03-17,C0002,P005,South,5.0,4500,0.02,22500,450.0,22050.0,15748.44,6301.56
O01431,2025-07-23,C0008,P011,West,3.0,2200,0.05,6600,330.0,6270.0,4511.82,1758.18
O01432,2025-10-22,C0093,P005,East,5.0,4500,0.02,22500,450.0,22050.0,17013.65,5036.35
O01433,2025-05-26,C0061,P009,North,3.0,1800,0.0,5400,0.0,5400.0,3455.96,1944.04
O01434,2025-09-24,C0027,P011,North,2.0,2200,0.0,4400,0.0,4400.0,2874.71,1525.29
O01435,2025-09-21,C0026,P005,South,3.0,4500,0.0,13500,0.0,13500.0,10580.24,2919.76
O01436,2025-08-06,C0004,P010,West,4.0,1200,0.0,4800,0.0,4800.0,3899.98,900.02
O01437,2025-01-02,C0095,P006,East,5.0,3200,0.02,16000,320.0,15680.0,12153.86,3526.14
O01438,2024-03-13,C0011,P003,East,2.0,42000,0.1,84000,8400.0,75600.0,51123.17,24476.83
O01439,2024-01-03,C0076,P006,West,2.0,3200,0.05,6400,320.0,6080.0,3714.66,2365.34
O01440,2024-05-29,C0025,P007,North,4.0,9000,0.02,36000,720.0,35280.0,21833.47,13446.53
O01441,2024-11-11,C0034,P001,South,4.0,85000,0.05,340000,17000.0,323000.0,225809.49,97190.51
O01442,2025-06-27,C0028,P014,North,2.0,700,0.05,1400,70.0,1330.0,859.47,470.53
O01443,2024-11-29,C0083,P008,West,4.0,12000,0.0,48000,0.0,48000.0,38077.49,9922.51
O01444,2024-01-17,C0004,P001,East,1.0,85000,0.0,85000,0.0,85000.0,62143.09,22856.91
O01445,2024-06-02,C0036,P014,North,2.0,700,0.0,1400,0.0,1400.0,927.52,472.48
O01446,2025-12-16,C0028,P013,North,5.0,10500,0.05,52500,2625.0,49875.0,32756.28,17118.72
O01447,2025-12-23,C0028,P001,East,3.0,85000,0.05,255000,12750.0,242250.0,166458.51,75791.49
O01448,2024-10-02,C0020,P003,East,5.0,42000,0.02,210000,4200.0,205800.0,142492.07,63307.93
O01449,2025-08-11,C0092,P006,East,2.0,3200,0.05,6400,320.0,6080.0,4753.49,1326.51
O01450,2025-06-09,C0038,P008,North,2.0,12000,0.15,24000,3600.0,20400.0,13778.93,6621.07
O01451,2025-11-11,C0042,P011,West,5.0,2200,0.02,11000,220.0,10780.0,8571.03,2208.97
O01452,2025-10-10,C0039,P007,East,5.0,9000,0.05,45000,2250.0,42750.0,26299.85,16450.15
O01453,2025-04-04,C0099,P010,East,5.0,1200,0.05,6000,300.0,5700.0,3725.17,1974.83
O01454,2024-10-15,C0034,P001,East,2.0,85000,0.05,170000,8500.0,161500.0,139105.78,22394.22
O01455,2025-04-03,C0035,P010,West,5.0,1200,0.05,6000,300.0,5700.0,3608.14,2091.86
O01456,2024-08-21,C0033,P014,West,3.0,700,0.05,2100,105.0,1995.0,1212.35,782.65
O01457,2024-09-11,C0033,P008,East,5.0,12000,0.0,60000,0.0,60000.0,43342.17,16657.83
O01458,2025-03-20,C0009,P007,South,5.0,9000,0.02,45000,900.0,44100.0,29526.52,14573.48
O01459,2025-02-21,C0061,P005,South,3.0,4500,0.1,13500,1350.0,12150.0,7759.74,4390.26
O01460,2025-02-28,C0003,P015,West,2.0,500,0.02,1000,20.0,980.0,551.01,428.99
O01461,2024-10-08,C0023,P001,East,5.0,85000,0.15,425000,63750.0,361250.0,242833.79,118416.21
O01462,2024-10-26,C0021,P005,North,3.0,4500,0.02,13500,270.0,13230.0,9330.37,3899.63
O01463,2024-01-08,C0030,P003,North,3.0,42000,0.05,126000,6300.0,119700.0,77154.98,42545.02
O01464,2025-03-15,C0076,P013,West,4.0,10500,0.05,42000,2100.0,39900.0,31917.44,7982.56
O01465,2025-02-24,C0060,P008,West,5.0,12000,0.02,60000,1200.0,58800.0,46891.64,11908.36
O01466,2025-11-14,C0100,P014,West,1.0,700,0.1,700,70.0,630.0,412.37,217.63
O01467,2025-01-03,C0036,P010,South,5.0,1200,0.0,6000,0.0,6000.0,3845.97,2154.03
O01468,2024-12-07,C0093,P009,West,3.0,1800,0.05,5400,270.0,5130.0,3183.71,1946.29
O01469,2024-02-19,C0005,P008,West,1.0,12000,0.05,12000,600.0,11400.0,7528.88,3871.12
O01470,2024-05-23,C0051,P004,North,2.0,22000,0.1,44000,4400.0,39600.0,27041.75,12558.25
O01471,2024-09-04,C0080,P009,North,3.0,1800,0.05,5400,270.0,5130.0,4117.25,1012.75
O01472,2024-10-02,C0054,P011,West,4.0,2200,0.15,8800,1320.0,7480.0,5660.86,1819.14
O01473,2024-09-22,C0094,P015,North,3.0,500,0.1,1500,150.0,1350.0,1025.7,324.3
O01474,2024-10-15,C0032,P009,East,1.0,1800,0.02,1800,36.0,1764.0,1317.51,446.49
O01475,2025-07-16,C0004,P015,East,3.0,500,0.1,1500,150.0,1350.0,1158.01,191.99
O01476,2024-04-05,C0078,P015,East,2.0,500,0.15,1000,150.0,850.0,631.33,218.67
O01477,2024-08-30,C0007,P008,North,2.0,12000,0.02,24000,480.0,23520.0,14555.75,8964.25
O01478,2024-04-29,C0077,P007,East,4.0,9000,0.05,36000,1800.0,34200.0,29310.57,4889.43
O01479,2024-08-12,C0074,P003,North,5.0,42000,0.02,210000,4200.0,205800.0,133652.37,72147.63
O01480,2025-05-15,C0085,P005,West,1.0,4500,0.05,4500,225.0,4275.0,3290.35,984.65
O01481,2024-02-04,C0048,P014,North,4.0,700,0.0,2800,0.0,2800.0,2052.45,747.55
O01482,2024-09-05,C0090,P003,East,3.0,42000,0.05,126000,6300.0,119700.0,86787.28,32912.72
O01483,2024-01-18,C0017,P006,West,2.0,3200,0.02,6400,128.0,6272.0,3914.76,2357.24
O01484,2025-11-29,C0044,P011,North,4.0,2200,0.05,8800,440.0,8360.0,5176.1,3183.9
O01485,2025-06-15,C0013,P004,North,2.0,22000,0.0,44000,0.0,44000.0,29985.75,14014.25
O01486,2024-06-27,C0077,P015,West,4.0,500,0.05,2000,100.0,1900.0,1375.9,524.1
O01487,2024-05-24,C0072,P010,North,3.0,1200,0.05,3600,180.0,3420.0,2731.71,688.29
O01488,2024-03-13,C0081,P001,North,1.0,85000,0.05,85000,4250.0,80750.0,63040.68,17709.32
O01489,2024-12-11,C0077,P004,South,4.0,22000,0.02,88000,1760.0,86240.0,70070.1,16169.9
O01490,2025-07-04,C0031,P012,West,5.0,14500,0.0,72500,0.0,72500.0,58879.6,13620.4
O01491,2025-03-03,C0007,P013,East,3.0,10500,0.02,31500,630.0,30870.0,23515.38,7354.62
O01492,2025-10-06,C0093,P014,South,4.0,700,0.1,2800,280.0,2520.0,1597.84,922.16
O01493,2024-09-08,C0050,P013,West,1.0,10500,0.0,10500,0.0,10500.0,6923.51,3576.49
O01494,2024-07-22,C0010,P002,South,2.0,65000,0.05,130000,6500.0,123500.0,92868.96,30631.04
O01495,2024-12-15,C0093,P011,South,2.0,2200,0.0,4400,0.0,4400.0,3121.15,1278.85
O01496,2024-05-27,C0100,P002,South,4.0,65000,0.05,260000,13000.0,247000.0,155737.35,91262.65
O01497,2025-12-14,C0045,P002,North,2.0,65000,0.0,130000,0.0,130000.0,91961.36,38038.64
O01498,2024-05-15,C0078,P011,South,4.0,2200,0.05,8800,440.0,8360.0,5670.84,2689.16
O01499,2024-12-16,C0004,P008,East,2.0,12000,0.02,24000,480.0,23520.0,15396.25,8123.75
O01500,2025-01-16,C0010,P010,North,4.0,1200,0.0,4800,0.0,4800.0,3720.87,1079.13
O01501,2024-02-11,C0028,P013,East,2.0,10500,0.02,21000,420.0,20580.0,13942.36,6637.64
O01502,2024-12-08,C0066,P002,North,3.0,65000,0.02,195000,3900.0,191100.0,135017.4,56082.6
O01503,2024-11-28,C0014,P008,South,1.0,12000,0.05,12000,600.0,11400.0,8423.71,2976.29
O01504,2024-07-08,C0004,P013,North,4.0,10500,0.15,42000,6300.0,35700.0,29484.38,6215.62
O01505,2024-04-03,C0067,P007,South,1.0,9000,0.05,9000,450.0,8550.0,5467.89,3082.11
O01506,2024-02-03,C0078,P008,East,5.0,12000,0.1,60000,6000.0,54000.0,42711.14,11288.86
O01507,2024-01-07,C0074,P008,South,5.0,12000,0.05,60000,3000.0,57000.0,38420.9,18579.1
O01508,2024-12-17,C0080,P014,North,3.0,700,0.0,2100,0.0,2100.0,1526.4,573.6
O01509,2024-03-06,C0081,P001,North,5.0,85000,0.0,425000,0.0,425000.0,250468.8,174531.2
O01510,2025-12-02,C0061,P014,West,5.0,700,0.02,3500,70.0,3430.0,2864.44,565.56
O01511,2024-06-27,C0052,P013,North,1.0,10500,0.02,10500,210.0,10290.0,7963.74,2326.26
O01512,2025-04-21,C0086,P013,West,4.0,10500,0.1,42000,4200.0,37800.0,27831.63,9968.37
O01513,2025-05-07,C0035,P007,South,2.0,9000,0.05,18000,900.0,17100.0,11364.57,5735.43
O01514,2024-12-28,C0010,P008,North,5.0,12000,0.05,60000,3000.0,57000.0,39282.39,17717.61
O01515,2025-10-07,C0076,P006,East,5.0,3200,0.05,16000,800.0,15200.0,11915.62,3284.38
O01516,2024-03-21,C0028,P004,South,5.0,22000,0.02,110000,2200.0,107800.0,79965.61,27834.39
O01517,2024-06-20,C0098,P014,North,3.0,700,0.05,2100,105.0,1995.0,1553.09,441.91
O01518,2024-07-03,C0042,P008,West,1.0,12000,0.0,12000,0.0,12000.0,9480.36,2519.64
O01519,2024-04-08,C0086,P011,North,1.0,2200,0.0,2200,0.0,2200.0,1481.04,718.96
O01520,2024-08-03,C0005,P002,South,1.0,65000,0.02,65000,1300.0,63700.0,47500.1,16199.9
O01521,2024-08-16,C0066,P012,South,5.0,14500,0.0,72500,0.0,72500.0,48517.52,23982.48
O01522,2025-07-13,C0045,P010,South,3.0,1200,0.05,3600,180.0,3420.0,2600.23,819.77
O01523,2024-08-08,C0047,P015,West,2.0,500,0.0,1000,0.0,1000.0,678.2,321.8
O01524,2025-10-02,C0027,P003,North,3.0,42000,0.0,126000,0.0,126000.0,95722.1,30277.9
O01525,2025-07-18,C0098,P009,West,1.0,1800,0.1,1800,180.0,1620.0,992.56,627.44
O01526,2025-10-21,C0040,P008,East,3.0,12000,0.15,36000,5400.0,30600.0,21896.71,8703.29
O01527,2024-03-17,C0086,P009,West,3.0,1800,0.05,5400,270.0,5130.0,3402.21,1727.79
O01528,2025-12-20,C0043,P001,West,4.0,85000,0.05,340000,17000.0,323000.0,273787.22,49212.78
O01529,2025-03-24,C0005,P008,West,1.0,12000,0.1,12000,1200.0,10800.0,8242.83,2557.17
O01530,2025-12-19,C0088,P005,East,5.0,4500,0.0,22500,0.0,22500.0,14588.44,7911.56
O01531,2024-09-16,C0019,P010,South,1.0,1200,0.02,1200,24.0,1176.0,791.0,385.0
O01532,2025-11-27,C0028,P004,South,3.0,22000,0.0,66000,0.0,66000.0,44351.47,21648.53
O01533,2025-03-06,C0087,P007,East,2.0,9000,0.02,18000,360.0,17640.0,14117.66,3522.34
O01534,2024-02-22,C0090,P010,South,4.0,1200,0.15,4800,720.0,4080.0,3887.19,192.81
O01535,2024-10-26,C0092,P001,East,4.0,85000,0.1,340000,34000.0,306000.0,264494.31,41505.69
O01536,2024-04-10,C0043,P012,North,1.0,14500,0.15,14500,2175.0,12325.0,11270.09,1054.91
O01537,2025-11-19,C0076,P011,West,3.0,2200,0.05,6600,330.0,6270.0,3984.64,2285.36
O01538,2024-08-10,C0033,P001,North,3.0,85000,0.05,255000,12750.0,242250.0,158748.49,83501.51
O01539,2024-06-11,C0075,P001,West,3.0,85000,0.1,255000,25500.0,229500.0,181287.99,48212.01
O01540,2025-02-08,C0051,P013,North,1.0,10500,0.05,10500,525.0,9975.0,7635.15,2339.85
O01541,2024-11-06,C0006,P005,North,1.0,4500,0.05,4500,225.0,4275.0,2721.29,1553.71
O01542,2024-03-11,C0042,P013,West,3.0,10500,0.02,31500,630.0,30870.0,23672.13,7197.87
O01543,2025-08-19,C0047,P008,West,2.0,12000,0.05,24000,1200.0,22800.0,14495.76,8304.24
O01544,2025-09-10,C0026,P006,East,3.0,3200,0.02,9600,192.0,9408.0,5961.72,3446.28
O01545,2025-06-27,C0038,P005,West,1.0,4500,0.05,4500,225.0,4275.0,2847.76,1427.24
O01546,2025-03-26,C0051,P010,North,4.0,1200,0.0,4800,0.0,4800.0,3736.4,1063.6
O01547,2024-10-21,C0005,P002,West,1.0,65000,0.05,65000,3250.0,61750.0,48598.07,13151.93
O01548,2025-01-31,C0016,P007,South,4.0,9000,0.0,36000,0.0,36000.0,24958.26,11041.74
O01549,2025-01-15,C0077,P006,South,5.0,3200,0.02,16000,320.0,15680.0,12341.32,3338.68
O01550,2024-04-30,C0036,P003,South,2.0,42000,0.05,84000,4200.0,79800.0,64637.21,15162.79
O01551,2024-02-29,C0061,P006,North,1.0,3200,0.0,3200,0.0,3200.0,2096.82,1103.18
O01552,2024-07-04,C0057,P008,East,1.0,12000,0.15,12000,1800.0,10200.0,9131.86,1068.14
O01553,2024-11-28,C0056,P011,East,2.0,2200,0.02,4400,88.0,4312.0,2665.02,1646.98
O01554,2024-04-27,C0042,P002,North,1.0,65000,0.02,65000,1300.0,63700.0,44581.67,19118.33
O01555,2024-03-18,C0049,P014,West,5.0,700,0.0,3500,0.0,3500.0,2036.74,1463.26
O01556,2025-09-14,C0083,P014,South,5.0,700,0.1,3500,350.0,3150.0,2328.32,821.68
O01557,2024-10-01,C0097,P011,North,5.0,2200,0.05,11000,550.0,10450.0,7595.49,2854.51
O01558,2025-03-03,C0026,P014,East,5.0,700,0.02,3500,70.0,3430.0,2000.52,1429.48
O01559,2025-01-18,C0067,P007,North,3.0,9000,0.0,27000,0.0,27000.0,18222.45,8777.55
O01560,2025-06-21,C0097,P013,North,2.0,10500,0.05,21000,1050.0,19950.0,15244.97,4705.03
O01561,2025-06-24,C0001,P011,East,3.0,2200,0.1,6600,660.0,5940.0,4724.31,1215.69
O01562,2024-08-04,C0079,P009,North,2.0,1800,0.02,3600,72.0,3528.0,2032.83,1495.17
O01563,2025-09-11,C0050,P003,North,5.0,42000,0.0,210000,0.0,210000.0,120905.76,89094.24
O01564,2024-09-28,C0097,P009,East,3.0,1800,0.0,5400,0.0,5400.0,3482.28,1917.72
O01565,2025-09-02,C0058,P014,North,2.0,700,0.0,1400,0.0,1400.0,1088.54,311.46
O01566,2024-10-22,C0084,P015,West,4.0,500,0.05,2000,100.0,1900.0,1569.67,330.33
O01567,2024-03-22,C0017,P007,West,2.0,9000,0.15,18000,2700.0,15300.0,11404.72,3895.28
O01568,2025-07-09,C0015,P004,North,2.0,22000,0.15,44000,6600.0,37400.0,32740.44,4659.56
O01569,2024-01-23,C0093,P012,South,2.0,14500,0.1,29000,2900.0,26100.0,20470.97,5629.03
O01570,2025-07-18,C0053,P002,North,1.0,65000,0.0,65000,0.0,65000.0,53009.06,11990.94
O01571,2024-02-01,C0056,P003,East,1.0,42000,0.15,42000,6300.0,35700.0,24173.26,11526.74
O01572,2024-05-31,C0017,P009,North,3.0,1800,0.02,5400,108.0,5292.0,3768.81,1523.19
O01573,2025-03-17,C0023,P015,West,5.0,500,0.02,2500,50.0,2450.0,1774.96,675.04
O01574,2025-11-19,C0082,P005,North,2.0,4500,0.05,9000,450.0,8550.0,5697.63,2852.37
O01575,2024-10-25,C0031,P007,East,4.0,9000,0.0,36000,0.0,36000.0,20256.39,15743.61
O01576,2024-03-29,C0059,P005,North,2.0,4500,0.1,9000,900.0,8100.0,5076.61,3023.39
O01577,2024-06-19,C0032,P007,North,2.0,9000,0.15,18000,2700.0,15300.0,12104.58,3195.42
O01578,2025-10-17,C0027,P001,South,1.0,85000,0.1,85000,8500.0,76500.0,62642.27,13857.73
O01579,2025-06-15,C0017,P009,East,3.0,1800,0.1,5400,540.0,4860.0,3990.86,869.14
O01580,2024-03-14,C0093,P009,West,4.0,1800,0.02,7200,144.0,7056.0,4311.81,2744.19
O01581,2024-10-08,C0095,P005,North,2.0,4500,0.0,9000,0.0,9000.0,7034.87,1965.13
O01582,2024-07-12,C0012,P004,North,3.0,22000,0.1,66000,6600.0,59400.0,43021.03,16378.97
O01583,2024-05-09,C0036,P012,South,3.0,14500,0.05,43500,2175.0,41325.0,35251.5,6073.5
O01584,2025-09-10,C0057,P003,South,2.0,42000,0.1,84000,8400.0,75600.0,48879.86,26720.14
O01585,2025-03-27,C0039,P001,West,4.0,85000,0.0,340000,0.0,340000.0,263786.54,76213.46
O01586,2024-05-11,C0073,P001,West,3.0,85000,0.02,255000,5100.0,249900.0,202789.08,47110.92
O01587,2025-04-20,C0027,P014,West,1.0,700,0.02,700,14.0,686.0,540.49,145.51
O01588,2024-10-29,C0006,P006,North,3.0,3200,0.05,9600,480.0,9120.0,7376.52,1743.48
O01589,2024-02-14,C0034,P002,South,2.0,65000,0.1,130000,13000.0,117000.0,84181.98,32818.02
O01590,2024-11-24,C0060,P014,East,4.0,700,0.15,2800,420.0,2380.0,2079.29,300.71
O01591,2024-05-15,C0019,P003,North,2.0,42000,0.02,84000,1680.0,82320.0,59339.58,22980.42
O01592,2024-06-28,C0082,P006,East,5.0,3200,0.05,16000,800.0,15200.0,10633.75,4566.25
O01593,2025-10-04,C0002,P001,North,4.0,85000,0.0,340000,0.0,340000.0,278167.65,61832.35
O01594,2025-06-03,C0007,P011,South,1.0,2200,0.02,2200,44.0,2156.0,1382.53,773.47
O01595,2024-04-08,C0051,P011,West,3.0,2200,0.02,6600,132.0,6468.0,4366.22,2101.78
O01596,2025-09-14,C0052,P012,North,5.0,14500,0.05,72500,3625.0,68875.0,57548.5,11326.5
O01597,2025-02-23,C0030,P004,West,2.0,22000,0.05,44000,2200.0,41800.0,27633.42,14166.58
O01598,2025-10-01,C0026,P005,North,4.0,4500,0.02,18000,360.0,17640.0,10642.03,6997.97
O01599,2025-06-30,C0007,P015,North,4.0,500,0.05,2000,100.0,1900.0,1267.4,632.6
O01600,2024-09-05,C0067,P013,North,4.0,10500,0.1,42000,4200.0,37800.0,31710.59,6089.41
O01601,2025-01-25,C0038,P001,North,1.0,85000,0.0,85000,0.0,85000.0,66483.65,18516.35
O01602,2025-01-23,C0012,P011,South,2.0,2200,0.02,4400,88.0,4312.0,2555.96,1756.04
O01603,2025-06-10,C0040,P013,North,2.0,10500,0.05,21000,1050.0,19950.0,15075.11,4874.89
O01604,2024-06-30,C0094,P009,East,2.0,1800,0.1,3600,360.0,3240.0,2531.4,708.6
O01605,2024-08-31,C0027,P010,West,5.0,1200,0.1,6000,600.0,5400.0,4383.45,1016.55
O01606,2024-06-27,C0090,P001,South,1.0,85000,0.0,85000,0.0,85000.0,62150.74,22849.26
O01607,2024-08-04,C0026,P001,North,3.0,85000,0.05,255000,12750.0,242250.0,206309.34,35940.66
O01608,2024-04-27,C0019,P001,South,5.0,85000,0.1,425000,42500.0,382500.0,273514.23,108985.77
O01609,2024-01-27,C0027,P003,West,5.0,42000,0.02,210000,4200.0,205800.0,132496.78,73303.22
O01610,2025-11-18,C0033,P015,East,4.0,500,0.02,2000,40.0,1960.0,1413.86,546.14
O01611,2024-02-24,C0013,P010,North,5.0,1200,0.15,6000,900.0,5100.0,3995.66,1104.34
O01612,2025-10-11,C0059,P012,South,3.0,14500,0.0,43500,0.0,43500.0,29489.24,14010.76
O01613,2024-01-03,C0034,P005,South,4.0,4500,0.05,18000,900.0,17100.0,10236.69,6863.31
O01614,2025-07-22,C0072,P015,South,3.0,500,0.1,1500,150.0,1350.0,885.04,464.96
O01615,2024-08-28,C0050,P003,North,1.0,42000,0.0,42000,0.0,42000.0,33707.15,8292.85
O01616,2025-01-13,C0045,P014,West,1.0,700,0.05,700,35.0,665.0,397.91,267.09
O01617,2024-07-25,C0048,P001,North,5.0,85000,0.05,425000,21250.0,403750.0,301469.21,102280.79
O01618,2024-12-24,C0016,P001,North,1.0,85000,0.1,85000,8500.0,76500.0,64067.5,12432.5
O01619,2024-11-26,C0072,P002,North,2.0,65000,0.1,130000,13000.0,117000.0,71916.41,45083.59
O01620,2025-01-22,C0011,P012,East,4.0,14500,0.1,58000,5800.0,52200.0,35388.24,16811.76
O01621,2024-10-14,C0073,P004,South,3.0,22000,0.0,66000,0.0,66000.0,43019.42,22980.58
O01622,2025-01-27,C0100,P007,North,3.0,9000,0.1,27000,2700.0,24300.0,18544.7,5755.3
O01623,2025-08-26,C0077,P008,South,5.0,12000,0.1,60000,6000.0,54000.0,38533.84,15466.16
O01624,2024-11-13,C0046,P012,East,4.0,14500,0.05,58000,2900.0,55100.0,42063.33,13036.67
O01625,2024-09-21,C0032,P006,North,5.0,3200,0.05,16000,800.0,15200.0,9778.04,5421.96
O01626,2024-04-06,C0088,P001,West,4.0,85000,0.0,340000,0.0,340000.0,189339.33,150660.67
O01627,2024-09-19,C0026,P006,North,5.0,3200,0.1,16000,1600.0,14400.0,8806.79,5593.21
O01628,2024-04-01,C0049,P005,North,4.0,4500,0.0,18000,0.0,18000.0,11579.19,6420.81
O01629,2024-05-13,C0078,P011,West,3.0,2200,0.02,6600,132.0,6468.0,4274.48,2193.52
O01630,2025-11-27,C0093,P012,West,5.0,14500,0.1,72500,7250.0,65250.0,58443.93,6806.07
O01631,2024-03-06,C0093,P002,South,5.0,65000,0.1,325000,32500.0,292500.0,182679.51,109820.49
O01632,2024-12-18,C0009,P012,West,1.0,14500,0.15,14500,2175.0,12325.0,10050.2,2274.8
O01633,2025-09-01,C0090,P002,South,5.0,65000,0.05,325000,16250.0,308750.0,229453.12,79296.88
O01634,2025-11-27,C0012,P010,South,4.0,1200,0.0,4800,0.0,4800.0,3546.26,1253.74
O01635,2024-04-17,C0059,P006,West,5.0,3200,0.05,16000,800.0,15200.0,11559.33,3640.67
O01636,2024-04-29,C0093,P005,East,4.0,4500,0.0,18000,0.0,18000.0,9939.56,8060.44
O01637,2024-09-29,C0066,P008,North,5.0,12000,0.1,60000,6000.0,54000.0,43236.09,10763.91
O01638,2025-02-09,C0095,P005,East,2.0,4500,0.05,9000,450.0,8550.0,5733.4,2816.6
O01639,2025-12-02,C0035,P012,South,1.0,14500,0.02,14500,290.0,14210.0,11000.78,3209.22
O01640,2024-05-31,C0032,P015,North,1.0,500,0.0,500,0.0,500.0,300.43,199.57
O01641,2024-04-30,C0033,P013,West,2.0,10500,0.02,21000,420.0,20580.0,15610.89,4969.11
O01642,2024-07-04,C0036,P007,South,2.0,9000,0.1,18000,1800.0,16200.0,12939.91,3260.09
O01643,2025-10-01,C0069,P008,East,3.0,12000,0.05,36000,1800.0,34200.0,26140.27,8059.73
O01644,2024-01-22,C0046,P007,East,1.0,9000,0.0,9000,0.0,9000.0,5377.55,3622.45
O01645,2024-10-04,C0074,P012,South,1.0,14500,0.0,14500,0.0,14500.0,10594.82,3905.18
O01646,2024-03-27,C0042,P009,North,3.0,1800,0.02,5400,108.0,5292.0,4044.51,1247.49
O01647,2024-04-24,C0031,P008,West,4.0,12000,0.0,48000,0.0,48000.0,32742.76,15257.24
O01648,2025-11-01,C0020,P007,East,1.0,9000,0.1,9000,900.0,8100.0,5777.09,2322.91
O01649,2024-01-02,C0056,P006,East,3.0,3200,0.05,9600,480.0,9120.0,5711.71,3408.29
O01650,2024-08-23,C0090,P009,South,4.0,1800,0.0,7200,0.0,7200.0,4523.68,2676.32
O01651,2025-10-31,C0086,P011,North,4.0,2200,0.1,8800,880.0,7920.0,6654.86,1265.14
O01652,2025-03-20,C0026,P007,North,1.0,9000,0.02,9000,180.0,8820.0,5944.84,2875.16
O01653,2024-02-22,C0048,P013,South,4.0,10500,0.0,42000,0.0,42000.0,31068.77,10931.23
O01654,2024-12-05,C0071,P013,North,1.0,10500,0.05,10500,525.0,9975.0,7873.16,2101.84
O01655,2025-12-10,C0062,P007,East,2.0,9000,0.0,18000,0.0,18000.0,13176.47,4823.53
O01656,2024-10-19,C0007,P014,West,2.0,700,0.05,1400,70.0,1330.0,1024.6,305.4
O01657,2025-01-21,C0060,P003,North,5.0,42000,0.1,210000,21000.0,189000.0,150132.83,38867.17
O01658,2025-01-23,C0004,P014,South,1.0,700,0.1,700,70.0,630.0,482.98,147.02
O01659,2025-04-27,C0012,P005,East,4.0,4500,0.02,18000,360.0,17640.0,10861.39,6778.61
O01660,2024-05-16,C0066,P009,North,5.0,1800,0.05,9000,450.0,8550.0,6998.01,1551.99
O01661,2025-09-05,C0011,P005,West,5.0,4500,0.0,22500,0.0,22500.0,18232.9,4267.1
O01662,2025-12-23,C0034,P007,South,2.0,9000,0.05,18000,900.0,17100.0,12167.11,4932.89
O01663,2024-04-14,C0059,P006,North,1.0,3200,0.02,3200,64.0,3136.0,2566.32,569.68
O01664,2025-08-21,C0066,P011,North,2.0,2200,0.05,4400,220.0,4180.0,3605.62,574.38
O01665,2025-08-20,C0045,P002,West,4.0,65000,0.0,260000,0.0,260000.0,177130.95,82869.05
O01666,2025-06-26,C0010,P013,North,1.0,10500,0.1,10500,1050.0,9450.0,7828.55,1621.45
O01667,2024-09-28,C0080,P014,East,4.0,700,0.1,2800,280.0,2520.0,2026.71,493.29
O01668,2024-12-08,C0095,P009,North,2.0,1800,0.02,3600,72.0,3528.0,2210.62,1317.38
O01669,2025-09-05,C0089,P009,North,4.0,1800,0.1,7200,720.0,6480.0,4051.54,2428.46
O01670,2024-04-21,C0075,P011,West,4.0,2200,0.0,8800,0.0,8800.0,5917.17,2882.83
O01671,2025-08-28,C0041,P003,North,3.0,42000,0.05,126000,6300.0,119700.0,96080.71,23619.29
O01672,2025-11-04,C0088,P012,North,4.0,14500,0.02,58000,1160.0,56840.0,36991.61,19848.39
O01673,2025-05-13,C0049,P004,South,5.0,22000,0.0,110000,0.0,110000.0,83797.83,26202.17
O01674,2024-09-06,C0014,P011,West,2.0,2200,0.05,4400,220.0,4180.0,3197.9,982.1
O01675,2025-02-12,C0086,P005,South,3.0,4500,0.05,13500,675.0,12825.0,9960.25,2864.75
O01676,2024-02-06,C0033,P012,North,4.0,14500,0.05,58000,2900.0,55100.0,36374.7,18725.3
O01677,2025-11-12,C0094,P012,West,5.0,14500,0.05,72500,3625.0,68875.0,49076.18,19798.82
O01678,2024-09-07,C0037,P004,East,3.0,22000,0.0,66000,0.0,66000.0,39537.96,26462.04
O01679,2024-02-11,C0087,P010,West,2.0,1200,0.0,2400,0.0,2400.0,1479.78,920.22
O01680,2025-08-03,C0054,P008,East,5.0,12000,0.05,60000,3000.0,57000.0,34455.57,22544.43
O01681,2025-04-25,C0047,P005,East,5.0,4500,0.05,22500,1125.0,21375.0,13145.15,8229.85
O01682,2025-03-31,C0030,P009,South,3.0,1800,0.0,5400,0.0,5400.0,3276.93,2123.07
O01683,2024-02-09,C0084,P015,South,1.0,500,0.02,500,10.0,490.0,353.33,136.67
O01684,2025-07-02,C0007,P001,East,2.0,85000,0.05,170000,8500.0,161500.0,113751.59,47748.41
O01685,2025-04-10,C0047,P015,East,3.0,500,0.05,1500,75.0,1425.0,933.11,491.89
O01686,2025-08-03,C0037,P013,West,4.0,10500,0.1,42000,4200.0,37800.0,32865.02,4934.98
O01687,2025-08-27,C0055,P008,East,4.0,12000,0.02,48000,960.0,47040.0,33205.91,13834.09
O01688,2024-06-03,C0026,P010,North,5.0,1200,0.05,6000,300.0,5700.0,4795.44,904.56
O01689,2024-06-02,C0067,P006,South,1.0,3200,0.05,3200,160.0,3040.0,2308.61,731.39
O01690,2025-11-06,C0039,P002,East,3.0,65000,0.02,195000,3900.0,191100.0,108081.22,83018.78
O01691,2025-01-23,C0019,P009,South,4.0,1800,0.0,7200,0.0,7200.0,5735.8,1464.2
O01692,2024-11-16,C0020,P013,West,5.0,10500,0.0,52500,0.0,52500.0,41029.54,11470.46
O01693,2024-07-28,C0070,P004,East,1.0,22000,0.1,22000,2200.0,19800.0,15873.51,3926.49
O01694,2025-04-12,C0027,P011,North,5.0,2200,0.0,11000,0.0,11000.0,7638.28,3361.72
O01695,2025-07-05,C0031,P012,East,1.0,14500,0.05,14500,725.0,13775.0,9748.21,4026.79
O01696,2024-01-02,C0063,P012,East,1.0,14500,0.05,14500,725.0,13775.0,9862.71,3912.29
O01697,2025-02-07,C0033,P006,West,5.0,3200,0.02,16000,320.0,15680.0,12123.03,3556.97
O01698,2025-12-27,C0039,P006,South,4.0,3200,0.1,12800,1280.0,11520.0,8813.42,2706.58
O01699,2024-07-24,C0025,P007,East,5.0,9000,0.05,45000,2250.0,42750.0,26888.7,15861.3
O01700,2024-07-24,C0035,P013,South,4.0,10500,0.0,42000,0.0,42000.0,23759.73,18240.27
O01701,2025-10-03,C0070,P014,South,4.0,700,0.1,2800,280.0,2520.0,1635.4,884.6
O01702,2024-02-15,C0054,P007,North,3.0,9000,0.05,27000,1350.0,25650.0,16683.01,8966.99
O01703,2024-10-17,C0100,P015,West,3.0,500,0.02,1500,30.0,1470.0,973.93,496.07
O01704,2024-11-30,C0078,P009,West,3.0,1800,0.05,5400,270.0,5130.0,4271.14,858.86
O01705,2025-08-06,C0002,P006,South,2.0,3200,0.05,6400,320.0,6080.0,3933.14,2146.86
O01706,2024-04-04,C0038,P001,South,5.0,85000,0.02,425000,8500.0,416500.0,270423.93,146076.07
O01707,2024-11-13,C0029,P010,North,2.0,1200,0.15,2400,360.0,2040.0,1464.51,575.49
O01708,2024-04-21,C0059,P010,East,4.0,1200,0.05,4800,240.0,4560.0,3347.28,1212.72
O01709,2025-07-29,C0027,P015,South,4.0,500,0.05,2000,100.0,1900.0,1433.23,466.77
O01710,2025-04-07,C0097,P011,East,3.0,2200,0.0,6600,0.0,6600.0,4578.25,2021.75
O01711,2024-12-29,C0030,P001,North,4.0,85000,0.02,340000,6800.0,333200.0,274380.44,58819.56
O01712,2024-10-14,C0053,P009,East,1.0,1800,0.02,1800,36.0,1764.0,1473.75,290.25
O01713,2024-04-21,C0013,P012,North,2.0,14500,0.05,29000,1450.0,27550.0,22506.81,5043.19
O01714,2025-11-04,C0091,P008,East,3.0,12000,0.05,36000,1800.0,34200.0,27627.48,6572.52
O01715,2025-04-18,C0092,P007,East,2.0,9000,0.1,18000,1800.0,16200.0,11679.02,4520.98
O01716,2024-08-21,C0080,P013,North,5.0,10500,0.02,52500,1050.0,51450.0,37093.43,14356.57
O01717,2024-10-29,C0036,P010,South,5.0,1200,0.05,6000,300.0,5700.0,3869.39,1830.61
O01718,2025-06-14,C0006,P011,West,4.0,2200,0.1,8800,880.0,7920.0,6703.63,1216.37
O01719,2025-06-10,C0072,P007,East,2.0,9000,0.1,18000,1800.0,16200.0,10735.1,5464.9
O01720,2024-12-03,C0043,P005,North,1.0,4500,0.1,4500,450.0,4050.0,2738.26,1311.74
O01721,2024-08-09,C0100,P008,South,4.0,12000,0.1,48000,4800.0,43200.0,26901.48,16298.52
O01722,2025-04-27,C0070,P015,North,5.0,500,0.0,2500,0.0,2500.0,1786.03,713.97
O01723,2025-04-26,C0054,P010,East,3.0,1200,0.05,3600,180.0,3420.0,2649.26,770.74
O01724,2025-03-14,C0099,P011,East,5.0,2200,0.15,11000,1650.0,9350.0,6059.99,3290.01
O01725,2024-02-23,C0081,P002,North,5.0,65000,0.05,325000,16250.0,308750.0,223571.45,85178.55
O01726,2024-12-11,C0046,P015,East,3.0,500,0.0,1500,0.0,1500.0,977.63,522.37
O01727,2025-03-24,C0002,P004,East,2.0,22000,0.15,44000,6600.0,37400.0,33613.48,3786.52
O01728,2025-11-25,C0010,P015,West,1.0,500,0.0,500,0.0,500.0,280.25,219.75
O01729,2025-01-19,C0045,P007,North,4.0,9000,0.02,36000,720.0,35280.0,20272.06,15007.94
O01730,2024-09-07,C0057,P014,North,3.0,700,0.0,2100,0.0,2100.0,1506.66,593.34
O01731,2025-02-10,C0004,P014,South,1.0,700,0.05,700,35.0,665.0,496.82,168.18
O01732,2024-05-09,C0013,P012,North,1.0,14500,0.02,14500,290.0,14210.0,11228.72,2981.28
O01733,2024-03-07,C0071,P014,South,5.0,700,0.05,3500,175.0,3325.0,2484.69,840.31
O01734,2025-05-10,C0076,P010,North,2.0,1200,0.1,2400,240.0,2160.0,1935.19,224.81
O01735,2025-12-21,C0003,P013,North,2.0,10500,0.05,21000,1050.0,19950.0,13332.56,6617.44
O01736,2025-09-10,C0051,P003,East,4.0,42000,0.05,168000,8400.0,159600.0,110449.71,49150.29
O01737,2025-03-02,C0009,P002,North,2.0,65000,0.1,130000,13000.0,117000.0,105816.38,11183.62
O01738,2024-01-30,C0073,P009,East,5.0,1800,0.1,9000,900.0,8100.0,5211.28,2888.72
O01739,2025-12-23,C0084,P013,North,4.0,10500,0.0,42000,0.0,42000.0,32125.56,9874.44
O01740,2024-11-24,C0087,P012,East,2.0,14500,0.0,29000,0.0,29000.0,16040.58,12959.42
O01741,2024-07-30,C0060,P008,South,2.0,12000,0.05,24000,1200.0,22800.0,16352.61,6447.39
O01742,2025-10-14,C0063,P008,West,5.0,12000,0.1,60000,6000.0,54000.0,35485.12,18514.88
O01743,2025-06-29,C0093,P010,West,3.0,1200,0.05,3600,180.0,3420.0,2562.09,857.91
O01744,2025-07-01,C0062,P014,South,5.0,700,0.0,3500,0.0,3500.0,2679.27,820.73
O01745,2024-07-22,C0045,P013,East,2.0,10500,0.05,21000,1050.0,19950.0,11737.35,8212.65
O01746,2025-12-26,C0076,P002,North,1.0,65000,0.05,65000,3250.0,61750.0,38624.21,23125.79
O01747,2024-11-27,C0060,P009,East,5.0,1800,0.05,9000,450.0,8550.0,5782.54,2767.46
O01748,2025-01-23,C0085,P006,North,2.0,3200,0.1,6400,640.0,5760.0,3962.02,1797.98
O01749,2025-07-02,C0053,P012,South,5.0,14500,0.1,72500,7250.0,65250.0,47376.53,17873.47
O01750,2025-04-27,C0087,P008,North,4.0,12000,0.05,48000,2400.0,45600.0,38736.21,6863.79
O01751,2024-05-05,C0005,P015,West,2.0,500,0.05,1000,50.0,950.0,577.33,372.67
O01752,2024-08-09,C0004,P007,South,4.0,9000,0.05,36000,1800.0,34200.0,23914.3,10285.7
O01753,2024-09-21,C0010,P011,East,1.0,2200,0.05,2200,110.0,2090.0,1481.51,608.49
O01754,2025-11-23,C0056,P002,South,2.0,65000,0.05,130000,6500.0,123500.0,81340.01,42159.99
O01755,2025-06-06,C0071,P014,North,2.0,700,0.05,1400,70.0,1330.0,875.28,454.72
O01756,2024-09-24,C0022,P003,North,4.0,42000,0.05,168000,8400.0,159600.0,124821.16,34778.84
O01757,2025-06-21,C0016,P006,West,3.0,3200,0.05,9600,480.0,9120.0,6881.45,2238.55
O01758,2025-06-23,C0087,P013,West,4.0,10500,0.0,42000,0.0,42000.0,32317.52,9682.48
O01759,2024-10-15,C0076,P015,North,3.0,500,0.05,1500,75.0,1425.0,989.05,435.95
O01760,2024-10-21,C0065,P008,East,4.0,12000,0.05,48000,2400.0,45600.0,34262.97,11337.03
O01761,2025-10-15,C0049,P008,South,1.0,12000,0.02,12000,240.0,11760.0,9495.23,2264.77
O01762,2025-02-14,C0043,P001,North,4.0,85000,0.02,340000,6800.0,333200.0,265151.95,68048.05
O01763,2024-04-19,C0003,P015,South,1.0,500,0.0,500,0.0,500.0,399.2,100.8
O01764,2025-06-10,C0019,P001,North,1.0,85000,0.15,85000,12750.0,72250.0,52922.98,19327.02
O01765,2025-03-06,C0090,P001,North,4.0,85000,0.1,340000,34000.0,306000.0,277461.66,28538.34
O01766,2025-01-07,C0034,P008,East,1.0,12000,0.05,12000,600.0,11400.0,9245.1,2154.9
O01767,2025-06-14,C0071,P001,North,4.0,85000,0.02,340000,6800.0,333200.0,259963.36,73236.64
O01768,2025-10-25,C0071,P003,West,1.0,42000,0.05,42000,2100.0,39900.0,30670.34,9229.66
O01769,2024-08-29,C0031,P010,East,1.0,1200,0.05,1200,60.0,1140.0,978.58,161.42
O01770,2024-11-02,C0021,P011,West,5.0,2200,0.15,11000,1650.0,9350.0,7361.44,1988.56
O01771,2024-05-18,C0070,P005,East,1.0,4500,0.0,4500,0.0,4500.0,3375.97,1124.03
O01772,2025-04-18,C0010,P012,West,5.0,14500,0.0,72500,0.0,72500.0,53554.23,18945.77
O01773,2024-10-21,C0050,P010,South,2.0,1200,0.05,2400,120.0,2280.0,1794.39,485.61
O01774,2024-09-07,C0089,P004,South,4.0,22000,0.0,88000,0.0,88000.0,66254.8,21745.2
O01775,2025-05-24,C0072,P011,South,5.0,2200,0.05,11000,550.0,10450.0,6616.54,3833.46
O01776,2024-10-25,C0077,P009,West,1.0,1800,0.1,1800,180.0,1620.0,1159.64,460.36
O01777,2024-12-05,C0009,P013,North,2.0,10500,0.0,21000,0.0,21000.0,13774.08,7225.92
O01778,2024-11-17,C0020,P003,East,3.0,42000,0.02,126000,2520.0,123480.0,94746.95,28733.05
O01779,2024-07-07,C0028,P004,East,5.0,22000,0.05,110000,5500.0,104500.0,81772.56,22727.44
O01780,2024-04-01,C0030,P005,South,1.0,4500,0.1,4500,450.0,4050.0,3487.54,562.46
O01781,2025-08-27,C0020,P006,West,1.0,3200,0.05,3200,160.0,3040.0,2441.28,598.72
O01782,2024-03-08,C0098,P014,South,2.0,700,0.0,1400,0.0,1400.0,995.3,404.7
O01783,2024-08-25,C0017,P011,North,2.0,2200,0.05,4400,220.0,4180.0,2586.26,1593.74
O01784,2025-05-02,C0071,P009,East,2.0,1800,0.05,3600,180.0,3420.0,2597.66,822.34
O01785,2024-04-05,C0059,P009,South,1.0,1800,0.1,1800,180.0,1620.0,1421.11,198.89
O01786,2025-04-24,C0062,P014,North,5.0,700,0.05,3500,175.0,3325.0,2532.8,792.2
O01787,2025-06-19,C0022,P007,North,4.0,9000,0.02,36000,720.0,35280.0,28505.49,6774.51
O01788,2025-04-29,C0031,P004,North,1.0,22000,0.1,22000,2200.0,19800.0,18034.37,1765.63
O01789,2024-08-10,C0061,P003,West,3.0,42000,0.05,126000,6300.0,119700.0,81520.06,38179.94
O01790,2024-01-15,C0030,P005,West,4.0,4500,0.0,18000,0.0,18000.0,13415.19,4584.81
O01791,2025-10-10,C0070,P010,South,4.0,1200,0.05,4800,240.0,4560.0,3339.79,1220.21
O01792,2024-08-26,C0004,P008,North,5.0,12000,0.1,60000,6000.0,54000.0,40370.54,13629.46
O01793,2025-08-11,C0008,P007,South,4.0,9000,0.05,36000,1800.0,34200.0,22131.51,12068.49
O01794,2024-05-24,C0073,P008,West,4.0,12000,0.02,48000,960.0,47040.0,29587.05,17452.95
O01795,2024-04-28,C0062,P015,East,1.0,500,0.05,500,25.0,475.0,299.97,175.03
O01796,2025-07-22,C0005,P015,North,1.0,500,0.02,500,10.0,490.0,360.25,129.75
O01797,2025-11-17,C0090,P003,North,4.0,42000,0.05,168000,8400.0,159600.0,98843.53,60756.47
O01798,2025-09-21,C0001,P002,West,5.0,65000,0.05,325000,16250.0,308750.0,216604.16,92145.84
O01799,2025-07-03,C0096,P004,West,2.0,22000,0.0,44000,0.0,44000.0,30417.2,13582.8
O01800,2024-06-29,C0073,P013,North,4.0,10500,0.02,42000,840.0,41160.0,28069.58,13090.42
O01801,2025-10-29,C0099,P007,West,2.0,9000,0.1,18000,1800.0,16200.0,14054.96,2145.04
O01802,2025-05-03,C0095,P013,North,3.0,10500,0.02,31500,630.0,30870.0,21094.16,9775.84
O01803,2024-05-05,C0032,P010,North,4.0,1200,0.1,4800,480.0,4320.0,2747.35,1572.65
O01804,2024-04-04,C0076,P009,East,4.0,1800,0.05,7200,360.0,6840.0,5888.84,951.16
O01805,2025-09-28,C0022,P005,South,1.0,4500,0.05,4500,225.0,4275.0,3501.66,773.34
O01806,2024-07-20,C0048,P006,South,5.0,3200,0.0,16000,0.0,16000.0,11651.39,4348.61
O01807,2025-07-13,C0025,P003,West,5.0,42000,0.0,210000,0.0,210000.0,158383.55,51616.45
O01808,2024-04-11,C0049,P008,West,3.0,12000,0.0,36000,0.0,36000.0,21046.01,14953.99
O01809,2024-07-24,C0088,P005,North,2.0,4500,0.05,9000,450.0,8550.0,6811.17,1738.83
O01810,2024-07-26,C0044,P005,East,3.0,4500,0.15,13500,2025.0,11475.0,8182.24,3292.76
O01811,2024-07-24,C0010,P001,West,5.0,85000,0.1,425000,42500.0,382500.0,289860.01,92639.99
O01812,2025-05-08,C0033,P012,South,3.0,14500,0.0,43500,0.0,43500.0,26015.41,17484.59
O01813,2025-10-30,C0079,P015,West,1.0,500,0.02,500,10.0,490.0,376.76,113.24
O01814,2025-10-27,C0053,P008,East,1.0,12000,0.0,12000,0.0,12000.0,7396.83,4603.17
O01815,2025-06-26,C0057,P009,North,5.0,1800,0.15,9000,1350.0,7650.0,5565.3,2084.7
O01816,2024-05-28,C0044,P014,North,4.0,700,0.0,2800,0.0,2800.0,1622.57,1177.43
O01817,2025-12-03,C0030,P008,West,4.0,12000,0.0,48000,0.0,48000.0,35739.06,12260.94
O01818,2025-01-31,C0060,P010,West,1.0,1200,0.05,1200,60.0,1140.0,755.85,384.15
O01819,2025-02-03,C0064,P007,North,1.0,9000,0.05,9000,450.0,8550.0,6209.42,2340.58
O01820,2025-05-27,C0090,P008,North,2.0,12000,0.0,24000,0.0,24000.0,15352.94,8647.06
O01821,2025-07-16,C0062,P008,West,2.0,12000,0.05,24000,1200.0,22800.0,18220.06,4579.94
O01822,2025-11-27,C0100,P011,North,2.0,2200,0.0,4400,0.0,4400.0,2689.06,1710.94
O01823,2025-03-01,C0083,P010,North,3.0,1200,0.0,3600,0.0,3600.0,2894.49,705.51
O01824,2025-03-21,C0008,P008,West,2.0,12000,0.0,24000,0.0,24000.0,15282.28,8717.72
O01825,2025-06-28,C0040,P002,West,1.0,65000,0.02,65000,1300.0,63700.0,37572.6,26127.4
O01826,2024-07-05,C0039,P014,West,3.0,700,0.15,2100,315.0,1785.0,1291.25,493.75
O01827,2024-08-12,C0001,P014,East,4.0,700,0.05,2800,140.0,2660.0,1595.9,1064.1
O01828,2025-04-02,C0019,P003,South,4.0,42000,0.1,168000,16800.0,151200.0,113661.99,37538.01
O01829,2024-02-16,C0077,P005,West,2.0,4500,0.02,9000,180.0,8820.0,5558.11,3261.89
O01830,2024-08-22,C0036,P015,North,2.0,500,0.05,1000,50.0,950.0,789.23,160.77
O01831,2025-06-08,C0015,P005,North,3.0,4500,0.15,13500,2025.0,11475.0,9309.93,2165.07
O01832,2025-12-14,C0029,P013,West,1.0,10500,0.02,10500,210.0,10290.0,6436.6,3853.4
O01833,2025-01-14,C0028,P012,East,5.0,14500,0.15,72500,10875.0,61625.0,48708.62,12916.38
O01834,2024-10-19,C0018,P013,West,5.0,10500,0.05,52500,2625.0,49875.0,31653.22,18221.78
O01835,2024-11-17,C0011,P001,North,1.0,85000,0.05,85000,4250.0,80750.0,50851.84,29898.16
O01836,2025-05-16,C0077,P008,West,5.0,12000,0.02,60000,1200.0,58800.0,37870.63,20929.37
O01837,2025-02-02,C0083,P009,East,1.0,1800,0.05,1800,90.0,1710.0,1042.63,667.37
O01838,2024-01-17,C0050,P013,East,3.0,10500,0.05,31500,1575.0,29925.0,18929.45,10995.55
O01839,2025-01-29,C0062,P004,West,4.0,22000,0.15,88000,13200.0,74800.0,70687.99,4112.01
O01840,2024-10-19,C0092,P005,South,2.0,4500,0.1,9000,900.0,8100.0,6570.33,1529.67
O01841,2025-05-27,C0085,P003,East,2.0,42000,0.02,84000,1680.0,82320.0,67090.61,15229.39
O01842,2025-10-01,C0004,P012,East,1.0,14500,0.1,14500,1450.0,13050.0,8980.56,4069.44
O01843,2025-12-04,C0096,P015,West,4.0,500,0.1,2000,200.0,1800.0,1562.79,237.21
O01844,2025-03-22,C0007,P003,West,1.0,42000,0.05,42000,2100.0,39900.0,27208.17,12691.83
O01845,2024-09-22,C0003,P004,East,3.0,22000,0.0,66000,0.0,66000.0,38869.55,27130.45
O01846,2024-11-20,C0041,P005,North,2.0,4500,0.0,9000,0.0,9000.0,6905.44,2094.56
O01847,2024-05-08,C0075,P014,North,5.0,700,0.0,3500,0.0,3500.0,1981.37,1518.63
O01848,2025-11-15,C0009,P007,West,5.0,9000,0.0,45000,0.0,45000.0,29668.96,15331.04
O01849,2025-09-11,C0030,P005,West,5.0,4500,0.15,22500,3375.0,19125.0,17352.34,1772.66
O01850,2025-09-16,C0027,P005,West,4.0,4500,0.0,18000,0.0,18000.0,12899.52,5100.48
O01851,2024-08-27,C0040,P009,North,3.0,1800,0.05,5400,270.0,5130.0,3725.34,1404.66
O01852,2024-08-23,C0099,P006,South,2.0,3200,0.05,6400,320.0,6080.0,4131.08,1948.92
O01853,2025-09-18,C0034,P003,East,1.0,42000,0.05,42000,2100.0,39900.0,23951.13,15948.87
O01854,2025-02-02,C0021,P013,East,5.0,10500,0.0,52500,0.0,52500.0,42922.03,9577.97
O01855,2025-05-30,C0013,P007,North,2.0,9000,0.05,18000,900.0,17100.0,10749.4,6350.6
O01856,2024-12-24,C0020,P004,East,3.0,22000,0.05,66000,3300.0,62700.0,40849.6,21850.4
O01857,2024-11-19,C0014,P011,North,1.0,2200,0.05,2200,110.0,2090.0,1350.13,739.87
O01858,2025-04-07,C0058,P012,South,2.0,14500,0.0,29000,0.0,29000.0,23059.18,5940.82
O01859,2025-08-17,C0043,P003,North,4.0,42000,0.05,168000,8400.0,159600.0,127040.91,32559.09
O01860,2024-09-01,C0050,P002,North,3.0,65000,0.0,195000,0.0,195000.0,131328.41,63671.59
O01861,2025-08-14,C0084,P001,North,3.0,85000,0.05,255000,12750.0,242250.0,206030.88,36219.12
O01862,2024-06-27,C0059,P012,West,2.0,14500,0.02,29000,580.0,28420.0,16363.29,12056.71
O01863,2024-10-21,C0016,P010,East,1.0,1200,0.02,1200,24.0,1176.0,949.55,226.45
O01864,2025-10-29,C0038,P012,West,5.0,14500,0.1,72500,7250.0,65250.0,41057.87,24192.13
O01865,2025-11-28,C0032,P010,South,3.0,1200,0.0,3600,0.0,3600.0,2360.18,1239.82
O01866,2025-11-06,C0083,P007,South,2.0,9000,0.1,18000,1800.0,16200.0,10162.46,6037.54
O01867,2024-08-19,C0031,P009,South,2.0,1800,0.1,3600,360.0,3240.0,2951.0,289.0
O01868,2025-09-08,C0014,P011,East,4.0,2200,0.02,8800,176.0,8624.0,7012.59,1611.41
O01869,2025-11-15,C0074,P006,South,3.0,3200,0.02,9600,192.0,9408.0,6795.8,2612.2
O01870,2025-12-16,C0043,P014,East,2.0,700,0.0,1400,0.0,1400.0,852.35,547.65
O01871,2024-01-16,C0010,P014,West,5.0,700,0.1,3500,350.0,3150.0,2186.55,963.45
O01872,2025-06-28,C0069,P013,West,5.0,10500,0.05,52500,2625.0,49875.0,35247.28,14627.72
O01873,2025-12-29,C0022,P015,North,1.0,500,0.0,500,0.0,500.0,318.58,181.42
O01874,2025-07-12,C0087,P006,South,4.0,3200,0.05,12800,640.0,12160.0,7113.66,5046.34
O01875,2024-06-19,C0084,P002,North,5.0,65000,0.0,325000,0.0,325000.0,236336.46,88663.54
O01876,2025-07-11,C0037,P008,North,3.0,12000,0.05,36000,1800.0,34200.0,25762.52,8437.48
O01877,2024-03-17,C0056,P012,East,1.0,14500,0.05,14500,725.0,13775.0,11515.38,2259.62
O01878,2024-12-17,C0057,P012,South,1.0,14500,0.0,14500,0.0,14500.0,9841.88,4658.12
O01879,2025-04-02,C0066,P006,East,4.0,3200,0.1,12800,1280.0,11520.0,8231.31,3288.69
O01880,2024-11-29,C0007,P005,North,5.0,4500,0.02,22500,450.0,22050.0,15482.47,6567.53
O01881,2025-05-26,C0033,P007,West,1.0,9000,0.05,9000,450.0,8550.0,5423.11,3126.89
O01882,2024-06-24,C0018,P013,West,3.0,10500,0.05,31500,1575.0,29925.0,22645.22,7279.78
O01883,2025-03-19,C0070,P001,South,3.0,85000,0.15,255000,38250.0,216750.0,193266.76,23483.24
O01884,2025-04-16,C0007,P005,West,2.0,4500,0.05,9000,450.0,8550.0,5322.91,3227.09
O01885,2025-04-08,C0052,P004,North,4.0,22000,0.1,88000,8800.0,79200.0,55964.79,23235.21
O01886,2024-07-30,C0073,P013,East,5.0,10500,0.02,52500,1050.0,51450.0,41176.08,10273.92
O01887,2024-08-11,C0095,P008,West,2.0,12000,0.1,24000,2400.0,21600.0,16475.85,5124.15
O01888,2024-07-07,C0029,P002,West,1.0,65000,0.0,65000,0.0,65000.0,45083.73,19916.27
O01889,2024-12-03,C0001,P004,West,2.0,22000,0.05,44000,2200.0,41800.0,32782.21,9017.79
O01890,2025-03-04,C0073,P001,South,2.0,85000,0.0,170000,0.0,170000.0,120025.28,49974.72
O01891,2024-09-22,C0001,P008,West,4.0,12000,0.15,48000,7200.0,40800.0,27301.75,13498.25
O01892,2024-10-26,C0007,P015,East,3.0,500,0.15,1500,225.0,1275.0,1150.6,124.4
O01893,2024-07-28,C0100,P009,North,1.0,1800,0.02,1800,36.0,1764.0,1438.5,325.5
O01894,2024-06-08,C0087,P014,North,2.0,700,0.05,1400,70.0,1330.0,790.14,539.86
O01895,2025-04-25,C0071,P012,West,4.0,14500,0.05,58000,2900.0,55100.0,33798.77,21301.23
O01896,2025-08-19,C0084,P014,East,3.0,700,0.02,2100,42.0,2058.0,1553.02,504.98
O01897,2024-07-31,C0008,P005,South,3.0,4500,0.05,13500,675.0,12825.0,9628.31,3196.69
O01898,2025-09-21,C0009,P015,West,2.0,500,0.05,1000,50.0,950.0,653.28,296.72
O01899,2025-02-21,C0031,P004,East,2.0,22000,0.05,44000,2200.0,41800.0,30606.27,11193.73
O01900,2024-05-02,C0003,P007,South,1.0,9000,0.0,9000,0.0,9000.0,6659.11,2340.89
O01901,2024-09-24,C0089,P011,South,1.0,2200,0.1,2200,220.0,1980.0,1509.66,470.34
O01902,2024-01-06,C0006,P005,East,1.0,4500,0.0,4500,0.0,4500.0,2645.33,1854.67
O01903,2024-01-29,C0055,P004,West,4.0,22000,0.05,88000,4400.0,83600.0,50525.0,33075.0
O01904,2024-09-02,C0086,P002,East,1.0,65000,0.0,65000,0.0,65000.0,43451.97,21548.03
O01905,2024-11-28,C0074,P001,South,3.0,85000,0.0,255000,0.0,255000.0,203790.62,51209.38
O01906,2025-08-05,C0024,P008,East,5.0,12000,0.0,60000,0.0,60000.0,42036.02,17963.98
O01907,2024-04-08,C0048,P015,East,4.0,500,0.02,2000,40.0,1960.0,1293.44,666.56
O01908,2025-09-05,C0055,P004,West,3.0,22000,0.05,66000,3300.0,62700.0,52493.14,10206.86
O01909,2024-06-20,C0077,P007,North,1.0,9000,0.05,9000,450.0,8550.0,5894.38,2655.62
O01910,2024-04-11,C0043,P015,East,3.0,500,0.05,1500,75.0,1425.0,1031.2,393.8
O01911,2025-05-26,C0029,P012,South,5.0,14500,0.05,72500,3625.0,68875.0,42155.47,26719.53
O01912,2025-07-20,C0080,P001,North,2.0,85000,0.0,170000,0.0,170000.0,127346.7,42653.3
O01913,2025-03-18,C0089,P008,East,5.0,12000,0.0,60000,0.0,60000.0,44344.91,15655.09
O01914,2024-03-25,C0049,P003,East,4.0,42000,0.05,168000,8400.0,159600.0,128426.91,31173.09
O01915,2024-03-25,C0003,P004,South,2.0,22000,0.05,44000,2200.0,41800.0,28063.27,13736.73
O01916,2024-10-12,C0051,P004,West,1.0,22000,0.05,22000,1100.0,20900.0,14690.16,6209.84
O01917,2024-11-25,C0089,P010,North,1.0,1200,0.0,1200,0.0,1200.0,714.54,485.46
O01918,2025-12-30,C0099,P003,North,2.0,42000,0.1,84000,8400.0,75600.0,68074.97,7525.03
O01919,2024-07-28,C0041,P004,South,2.0,22000,0.0,44000,0.0,44000.0,25222.6,18777.4
O01920,2024-05-20,C0016,P004,South,4.0,22000,0.05,88000,4400.0,83600.0,63820.56,19779.44
O01921,2025-11-22,C0058,P006,East,3.0,3200,0.0,9600,0.0,9600.0,7108.03,2491.97
O01922,2024-04-22,C0084,P010,West,3.0,1200,0.05,3600,180.0,3420.0,2133.32,1286.68
O01923,2024-01-20,C0095,P006,East,4.0,3200,0.02,12800,256.0,12544.0,8302.56,4241.44
O01924,2024-11-05,C0006,P005,North,4.0,4500,0.05,18000,900.0,17100.0,10109.6,6990.4
O01925,2024-10-20,C0030,P008,South,4.0,12000,0.0,48000,0.0,48000.0,33613.64,14386.36
O01926,2025-03-28,C0048,P010,North,5.0,1200,0.05,6000,300.0,5700.0,4911.8,788.2
O01927,2025-10-03,C0010,P001,East,2.0,85000,0.0,170000,0.0,170000.0,113231.72,56768.28
O01928,2025-11-12,C0089,P014,North,5.0,700,0.05,3500,175.0,3325.0,2860.56,464.44
O01929,2024-07-30,C0012,P014,South,3.0,700,0.0,2100,0.0,2100.0,1226.57,873.43
O01930,2025-12-17,C0067,P010,West,1.0,1200,0.0,1200,0.0,1200.0,787.16,412.84
O01931,2025-04-07,C0092,P009,East,1.0,1800,0.05,1800,90.0,1710.0,1428.35,281.65
O01932,2024-02-20,C0069,P011,North,1.0,2200,0.0,2200,0.0,2200.0,1730.76,469.24
O01933,2025-11-17,C0077,P007,South,5.0,9000,0.0,45000,0.0,45000.0,28681.64,16318.36
O01934,2024-04-10,C0027,P006,East,1.0,3200,0.1,3200,320.0,2880.0,2346.32,533.68
O01935,2025-03-06,C0083,P006,South,5.0,3200,0.1,16000,1600.0,14400.0,12628.21,1771.79
O01936,2025-08-01,C0042,P003,North,4.0,42000,0.1,168000,16800.0,151200.0,127185.56,24014.44
O01937,2024-07-01,C0007,P013,West,3.0,10500,0.02,31500,630.0,30870.0,22670.19,8199.81
O01938,2024-07-16,C0037,P005,South,5.0,4500,0.05,22500,1125.0,21375.0,13301.9,8073.1
O01939,2024-12-14,C0035,P005,South,5.0,4500,0.1,22500,2250.0,20250.0,12818.49,7431.51
O01940,2025-10-08,C0053,P015,North,5.0,500,0.0,2500,0.0,2500.0,1789.87,710.13
O01941,2024-06-12,C0027,P008,South,3.0,12000,0.05,36000,1800.0,34200.0,24662.68,9537.32
O01942,2025-04-29,C0047,P010,South,2.0,1200,0.0,2400,0.0,2400.0,1474.25,925.75
O01943,2024-11-26,C0043,P004,North,1.0,22000,0.1,22000,2200.0,19800.0,13839.05,5960.95
O01944,2024-03-22,C0033,P005,East,5.0,4500,0.05,22500,1125.0,21375.0,14756.93,6618.07
O01945,2025-06-03,C0070,P011,South,5.0,2200,0.05,11000,550.0,10450.0,7521.7,2928.3
O01946,2025-08-31,C0031,P007,West,3.0,9000,0.05,27000,1350.0,25650.0,17694.99,7955.01
O01947,2025-02-24,C0077,P003,West,1.0,42000,0.0,42000,0.0,42000.0,27491.89,14508.11
O01948,2024-05-08,C0026,P013,North,5.0,10500,0.02,52500,1050.0,51450.0,30515.51,20934.49
O01949,2024-04-23,C0087,P007,North,2.0,9000,0.05,18000,900.0,17100.0,14106.77,2993.23
O01950,2024-11-05,C0037,P011,West,3.0,2200,0.05,6600,330.0,6270.0,4715.51,1554.49
O01951,2025-01-05,C0005,P006,West,4.0,3200,0.05,12800,640.0,12160.0,7544.93,4615.07
O01952,2025-02-07,C0015,P009,West,1.0,1800,0.0,1800,0.0,1800.0,1196.0,604.0
O01953,2024-06-27,C0081,P012,North,1.0,14500,0.05,14500,725.0,13775.0,9606.44,4168.56
O01954,2025-01-01,C0088,P014,North,1.0,700,0.02,700,14.0,686.0,498.52,187.48
O01955,2024-08-03,C0022,P004,North,5.0,22000,0.0,110000,0.0,110000.0,78583.43,31416.57
O01956,2025-05-16,C0061,P011,West,5.0,2200,0.1,11000,1100.0,9900.0,7966.31,1933.69
O01957,2025-08-05,C0058,P014,East,3.0,700,0.05,2100,105.0,1995.0,1550.71,444.29
O01958,2025-04-22,C0014,P010,South,3.0,1200,0.05,3600,180.0,3420.0,2080.46,1339.54
O01959,2024-01-01,C0046,P003,South,3.0,42000,0.15,126000,18900.0,107100.0,79673.45,27426.55
O01960,2025-12-26,C0070,P003,North,2.0,42000,0.02,84000,1680.0,82320.0,46593.45,35726.55
O01961,2024-01-18,C0097,P004,East,3.0,22000,0.1,66000,6600.0,59400.0,44401.71,14998.29
O01962,2025-12-31,C0085,P002,North,2.0,65000,0.05,130000,6500.0,123500.0,86573.0,36927.0
O01963,2024-01-24,C0010,P012,East,4.0,14500,0.05,58000,2900.0,55100.0,43399.56,11700.44
O01964,2025-01-12,C0024,P015,East,2.0,500,0.0,1000,0.0,1000.0,595.12,404.88
O01965,2024-03-18,C0044,P008,East,4.0,12000,0.0,48000,0.0,48000.0,34584.17,13415.83
O01966,2024-03-10,C0016,P009,South,5.0,1800,0.02,9000,180.0,8820.0,5695.27,3124.73
O01967,2025-05-14,C0058,P012,West,2.0,14500,0.0,29000,0.0,29000.0,18940.41,10059.59
O01968,2025-06-16,C0001,P007,East,1.0,9000,0.0,9000,0.0,9000.0,6697.87,2302.13
O01969,2024-03-27,C0012,P008,North,3.0,12000,0.05,36000,1800.0,34200.0,20495.45,13704.55
O01970,2025-12-14,C0005,P009,North,1.0,1800,0.05,1800,90.0,1710.0,1156.59,553.41
O01971,2024-08-22,C0030,P005,East,2.0,4500,0.0,9000,0.0,9000.0,5900.92,3099.08
O01972,2024-08-20,C0077,P001,North,4.0,85000,0.05,340000,17000.0,323000.0,252705.79,70294.21
O01973,2024-08-05,C0018,P009,North,3.0,1800,0.1,5400,540.0,4860.0,3260.47,1599.53
O01974,2024-12-03,C0099,P013,North,3.0,10500,0.05,31500,1575.0,29925.0,25382.75,4542.25
O01975,2024-05-09,C0027,P002,North,4.0,65000,0.1,260000,26000.0,234000.0,213042.89,20957.11
O01976,2024-11-06,C0005,P004,South,1.0,22000,0.05,22000,1100.0,20900.0,16964.33,3935.67
O01977,2024-06-02,C0034,P004,East,3.0,22000,0.0,66000,0.0,66000.0,41640.88,24359.12
O01978,2024-02-07,C0075,P013,North,1.0,10500,0.02,10500,210.0,10290.0,7657.06,2632.94
O01979,2024-09-26,C0011,P008,East,3.0,12000,0.1,36000,3600.0,32400.0,20608.2,11791.8
O01980,2025-05-06,C0008,P009,North,2.0,1800,0.05,3600,180.0,3420.0,2826.88,593.12
O01981,2025-07-11,C0085,P010,North,5.0,1200,0.1,6000,600.0,5400.0,4135.91,1264.09
O01982,2024-09-15,C0060,P005,North,2.0,4500,0.15,9000,1350.0,7650.0,5378.75,2271.25
O01983,2024-08-24,C0035,P011,West,2.0,2200,0.0,4400,0.0,4400.0,2808.97,1591.03
O01984,2025-07-29,C0076,P001,West,1.0,85000,0.02,85000,1700.0,83300.0,65127.05,18172.95
O01985,2025-05-12,C0085,P002,South,1.0,65000,0.05,65000,3250.0,61750.0,51022.48,10727.52
O01986,2025-08-31,C0036,P013,North,2.0,10500,0.0,21000,0.0,21000.0,14496.77,6503.23
O01987,2025-10-24,C0057,P010,North,2.0,1200,0.05,2400,120.0,2280.0,1631.24,648.76
O01988,2025-08-23,C0002,P003,North,4.0,42000,0.1,168000,16800.0,151200.0,126453.33,24746.67
O01989,2025-11-15,C0031,P007,West,5.0,9000,0.05,45000,2250.0,42750.0,34788.2,7961.8
O01990,2024-10-31,C0060,P001,North,5.0,85000,0.02,425000,8500.0,416500.0,321516.17,94983.83
O01991,2024-10-15,C0020,P011,West,5.0,2200,0.05,11000,550.0,10450.0,7191.75,3258.25
O01992,2024-08-23,C0100,P012,East,5.0,14500,0.0,72500,0.0,72500.0,52440.7,20059.3
O01993,2024-06-20,C0098,P005,South,3.0,4500,0.1,13500,1350.0,12150.0,10550.08,1599.92
O01994,2025-07-01,C0026,P006,West,2.0,3200,0.0,6400,0.0,6400.0,3782.24,2617.76
O01995,2025-06-06,C0040,P004,North,4.0,22000,0.1,88000,8800.0,79200.0,57622.13,21577.87
O01996,2025-08-08,C0019,P006,West,2.0,3200,0.05,6400,320.0,6080.0,3617.84,2462.16
O01997,2024-05-02,C0051,P005,North,4.0,4500,0.02,18000,360.0,17640.0,11887.14,5752.86
O01998,2024-12-25,C0013,P004,West,5.0,22000,0.05,110000,5500.0,104500.0,83436.78,21063.22
O01999,2024-06-11,C0040,P007,South,1.0,9000,0.0,9000,0.0,9000.0,5428.78,3571.22
O02000,2025-10-14,C0056,P013,North,4.0,10500,0.05,42000,2100.0,39900.0,29245.0,10655.0
O02001,2024-07-14,C0062,P012,West,5.0,14500,0.1,72500,7250.0,65250.0,40591.17,24658.83
O02002,2024-04-15,C0060,P005,North,3.0,4500,0.1,13500,1350.0,12150.0,10696.93,1453.07
O02003,2025-02-20,C0023,P015,North,2.0,500,0.0,1000,0.0,1000.0,771.4,228.6
O02004,2025-10-04,C0080,P004,West,2.0,22000,0.05,44000,2200.0,41800.0,30429.98,11370.02
O02005,2025-10-31,C0070,P014,South,1.0,700,0.1,700,70.0,630.0,518.39,111.61
O02006,2024-03-11,C0076,P005,West,2.0,4500,0.1,9000,900.0,8100.0,5202.52,2897.48
O02007,2024-08-26,C0047,P009,East,4.0,1800,0.02,7200,144.0,7056.0,5603.09,1452.91
O02008,2024-04-22,C0090,P004,East,3.0,22000,0.0,66000,0.0,66000.0,49045.96,16954.04
O02009,2024-08-13,C0039,P012,North,2.0,14500,0.1,29000,2900.0,26100.0,16889.34,9210.66
O02010,2025-01-25,C0081,P005,North,3.0,4500,0.02,13500,270.0,13230.0,10999.61,2230.39
O02011,2024-07-24,C0021,P014,West,5.0,700,0.02,3500,70.0,3430.0,1946.29,1483.71
O02012,2024-02-19,C0025,P002,North,1.0,65000,0.1,65000,6500.0,58500.0,46780.37,11719.63
O02013,2025-01-07,C0053,P008,South,1.0,12000,0.02,12000,240.0,11760.0,7156.49,4603.51
O02014,2024-02-08,C0056,P003,North,5.0,42000,0.1,210000,21000.0,189000.0,156281.91,32718.09
O02015,2024-06-14,C0075,P014,North,4.0,700,0.0,2800,0.0,2800.0,1593.23,1206.77
O02016,2024-01-01,C0030,P007,East,3.0,9000,0.05,27000,1350.0,25650.0,15441.23,10208.77
O02017,2024-03-04,C0088,P011,West,5.0,2200,0.15,11000,1650.0,9350.0,7434.89,1915.11
O02018,2024-11-14,C0033,P014,West,3.0,700,0.15,2100,315.0,1785.0,1718.6,66.4
O02019,2025-09-13,C0054,P009,West,3.0,1800,0.1,5400,540.0,4860.0,3373.16,1486.84
O02020,2025-07-20,C0094,P001,North,2.0,85000,0.1,170000,17000.0,153000.0,121615.04,31384.96
O02021,2024-03-13,C0054,P004,South,5.0,22000,0.02,110000,2200.0,107800.0,75902.39,31897.61
O02022,2024-01-26,C0069,P004,North,4.0,22000,0.15,88000,13200.0,74800.0,68408.76,6391.24
O02023,2024-09-04,C0091,P014,East,2.0,700,0.1,1400,140.0,1260.0,879.09,380.91
O02024,2025-04-21,C0098,P014,North,4.0,700,0.05,2800,140.0,2660.0,1959.54,700.46
O02025,2025-06-29,C0050,P008,East,4.0,12000,0.02,48000,960.0,47040.0,38720.08,8319.92
O02026,2025-08-24,C0042,P014,North,1.0,700,0.0,700,0.0,700.0,447.86,252.14
O02027,2024-09-07,C0020,P004,West,1.0,22000,0.05,22000,1100.0,20900.0,14710.07,6189.93
O02028,2024-05-02,C0054,P011,West,3.0,2200,0.05,6600,330.0,6270.0,5213.87,1056.13
O02029,2024-01-20,C0092,P006,West,4.0,3200,0.02,12800,256.0,12544.0,8189.12,4354.88
O02030,2024-04-17,C0049,P004,North,4.0,22000,0.02,88000,1760.0,86240.0,57444.81,28795.19
O02031,2024-02-17,C0035,P004,West,2.0,22000,0.05,44000,2200.0,41800.0,27812.93,13987.07
O02032,2025-09-21,C0011,P007,North,5.0,9000,0.0,45000,0.0,45000.0,34585.81,10414.19
O02033,2024-07-15,C0039,P006,North,3.0,3200,0.15,9600,1440.0,8160.0,7691.56,468.44
O02034,2025-08-24,C0024,P004,North,2.0,22000,0.02,44000,880.0,43120.0,31697.45,11422.55
O02035,2025-02-08,C0098,P006,North,1.0,3200,0.0,3200,0.0,3200.0,2298.82,901.18
O02036,2025-01-28,C0053,P002,South,5.0,65000,0.0,325000,0.0,325000.0,212972.82,112027.18
O02037,2024-11-28,C0014,P015,North,4.0,500,0.1,2000,200.0,1800.0,1106.74,693.26
O02038,2025-08-21,C0007,P006,South,3.0,3200,0.1,9600,960.0,8640.0,5730.85,2909.15
O02039,2024-02-01,C0086,P002,East,2.0,65000,0.0,130000,0.0,130000.0,76675.09,53324.91
O02040,2024-03-08,C0094,P009,West,1.0,1800,0.0,1800,0.0,1800.0,1046.32,753.68
O02041,2024-11-05,C0077,P014,East,1.0,700,0.02,700,14.0,686.0,508.61,177.39
O02042,2024-10-15,C0013,P006,East,1.0,3200,0.0,3200,0.0,3200.0,1877.81,1322.19
O02043,2025-02-02,C0010,P013,North,3.0,10500,0.05,31500,1575.0,29925.0,18053.32,11871.68
O02044,2025-06-23,C0020,P010,West,1.0,1200,0.0,1200,0.0,1200.0,783.96,416.04
O02045,2025-03-05,C0076,P012,North,1.0,14500,0.05,14500,725.0,13775.0,8949.92,4825.08
O02046,2024-07-07,C0077,P005,North,2.0,4500,0.02,9000,180.0,8820.0,5304.44,3515.56
O02047,2024-08-27,C0084,P001,North,4.0,85000,0.05,340000,17000.0,323000.0,200414.54,122585.46
O02048,2025-07-03,C0010,P006,East,3.0,3200,0.02,9600,192.0,9408.0,5944.09,3463.91
O02049,2024-05-27,C0016,P014,South,1.0,700,0.0,700,0.0,700.0,486.46,213.54
O02050,2025-01-03,C0091,P012,East,4.0,14500,0.0,58000,0.0,58000.0,43771.78,14228.22
O02051,2025-01-28,C0093,P012,South,3.0,14500,0.0,43500,0.0,43500.0,33940.86,9559.14
O02052,2025-07-02,C0073,P014,South,1.0,700,0.0,700,0.0,700.0,527.02,172.98
O02053,2025-06-06,C0011,P006,South,4.0,3200,0.15,12800,1920.0,10880.0,9211.11,1668.89
O02054,2024-12-05,C0007,P005,North,5.0,4500,0.02,22500,450.0,22050.0,17888.82,4161.18
O02055,2024-08-13,C0006,P014,South,3.0,700,0.02,2100,42.0,2058.0,1449.69,608.31
O02056,2024-09-25,C0070,P009,East,1.0,1800,0.0,1800,0.0,1800.0,1297.81,502.19
O02057,2024-10-27,C0085,P005,South,2.0,4500,0.1,9000,900.0,8100.0,5950.24,2149.76
O02058,2024-06-09,C0064,P005,North,3.0,4500,0.1,13500,1350.0,12150.0,8618.32,3531.68
O02059,2025-04-02,C0027,P014,East,5.0,700,0.1,3500,350.0,3150.0,2238.47,911.53
O02060,2024-06-01,C0076,P001,North,5.0,85000,0.05,425000,21250.0,403750.0,250769.41,152980.59
O02061,2025-04-19,C0006,P001,North,5.0,85000,0.1,425000,42500.0,382500.0,325159.58,57340.42
O02062,2025-07-03,C0083,P012,North,5.0,14500,0.02,72500,1450.0,71050.0,40958.83,30091.17
O02063,2025-12-04,C0090,P001,South,3.0,85000,0.1,255000,25500.0,229500.0,186702.08,42797.92
O02064,2024-03-27,C0072,P003,North,4.0,42000,0.1,168000,16800.0,151200.0,131611.91,19588.09
O02065,2025-07-09,C0088,P015,East,4.0,500,0.0,2000,0.0,2000.0,1368.61,631.39
O02066,2024-03-03,C0059,P007,North,4.0,9000,0.05,36000,1800.0,34200.0,20482.35,13717.65
O02067,2024-09-03,C0047,P011,West,4.0,2200,0.02,8800,176.0,8624.0,5857.92,2766.08
O02068,2024-05-08,C0033,P008,North,1.0,12000,0.0,12000,0.0,12000.0,7712.05,4287.95
O02069,2024-04-28,C0093,P002,East,5.0,65000,0.1,325000,32500.0,292500.0,265231.08,27268.92
O02070,2024-05-08,C0070,P003,West,1.0,42000,0.0,42000,0.0,42000.0,30938.95,11061.05
O02071,2024-02-02,C0020,P012,South,3.0,14500,0.05,43500,2175.0,41325.0,32397.37,8927.63
O02072,2025-08-24,C0096,P002,North,3.0,65000,0.15,195000,29250.0,165750.0,134408.29,31341.71
O02073,2024-02-14,C0006,P009,South,5.0,1800,0.05,9000,450.0,8550.0,6673.88,1876.12
O02074,2024-10-18,C0059,P006,West,1.0,3200,0.02,3200,64.0,3136.0,2384.3,751.7
O02075,2025-05-26,C0020,P006,West,3.0,3200,0.05,9600,480.0,9120.0,5452.0,3668.0
O02076,2025-12-24,C0067,P015,North,2.0,500,0.1,1000,100.0,900.0,610.1,289.9
O02077,2025-09-16,C0042,P010,East,1.0,1200,0.0,1200,0.0,1200.0,664.2,535.8
O02078,2024-04-10,C0044,P010,South,2.0,1200,0.02,2400,48.0,2352.0,1650.36,701.64
O02079,2025-12-23,C0068,P006,North,3.0,3200,0.05,9600,480.0,9120.0,7550.07,1569.93
O02080,2025-04-22,C0076,P006,East,5.0,3200,0.1,16000,1600.0,14400.0,11433.28,2966.72
O02081,2024-05-11,C0039,P011,South,2.0,2200,0.02,4400,88.0,4312.0,3014.25,1297.75
O02082,2024-11-24,C0100,P001,South,5.0,85000,0.02,425000,8500.0,416500.0,340004.58,76495.42
O02083,2025-11-01,C0050,P004,West,4.0,22000,0.15,88000,13200.0,74800.0,52491.91,22308.09
O02084,2024-10-14,C0017,P010,South,5.0,1200,0.0,6000,0.0,6000.0,3420.86,2579.14
O02085,2024-05-14,C0001,P010,East,5.0,1200,0.0,6000,0.0,6000.0,4786.04,1213.96
O02086,2025-10-01,C0021,P002,South,4.0,65000,0.05,260000,13000.0,247000.0,206375.28,40624.72
O02087,2025-11-27,C0070,P012,North,4.0,14500,0.0,58000,0.0,58000.0,42595.35,15404.65
O02088,2025-12-14,C0054,P009,South,1.0,1800,0.0,1800,0.0,1800.0,1109.55,690.45
O02089,2025-11-29,C0034,P004,West,4.0,22000,0.05,88000,4400.0,83600.0,71441.59,12158.41
O02090,2025-09-30,C0049,P012,South,1.0,14500,0.05,14500,725.0,13775.0,10971.33,2803.67
O02091,2024-11-28,C0084,P015,North,4.0,500,0.05,2000,100.0,1900.0,1463.9,436.1
O02092,2024-05-20,C0058,P007,East,4.0,9000,0.02,36000,720.0,35280.0,21966.7,13313.3
O02093,2025-03-27,C0006,P005,West,4.0,4500,0.05,18000,900.0,17100.0,12393.61,4706.39
O02094,2024-06-10,C0005,P005,West,4.0,4500,0.05,18000,900.0,17100.0,13897.72,3202.28
O02095,2024-12-11,C0049,P009,East,2.0,1800,0.1,3600,360.0,3240.0,2816.17,423.83
O02096,2025-04-24,C0041,P001,South,2.0,85000,0.1,170000,17000.0,153000.0,119269.64,33730.36
O02097,2025-11-22,C0086,P008,East,3.0,12000,0.05,36000,1800.0,34200.0,24881.56,9318.44
O02098,2024-07-30,C0059,P001,West,3.0,85000,0.1,255000,25500.0,229500.0,188285.53,41214.47
O02099,2024-07-03,C0076,P001,West,2.0,85000,0.1,170000,17000.0,153000.0,117746.62,35253.38
O02100,2025-06-21,C0059,P007,West,3.0,9000,0.0,27000,0.0,27000.0,17894.89,9105.11
O02101,2024-01-05,C0035,P012,South,3.0,14500,0.15,43500,6525.0,36975.0,24928.25,12046.75
O02102,2025-02-18,C0066,P014,North,2.0,700,0.1,1400,140.0,1260.0,817.65,442.35
O02103,2025-06-29,C0063,P002,East,4.0,65000,0.02,260000,5200.0,254800.0,196371.34,58428.66
O02104,2025-02-06,C0073,P004,North,2.0,22000,0.0,44000,0.0,44000.0,24493.01,19506.99
O02105,2024-10-07,C0019,P007,North,2.0,9000,0.05,18000,900.0,17100.0,10154.2,6945.8
O02106,2025-08-28,C0065,P009,South,3.0,1800,0.02,5400,108.0,5292.0,4288.97,1003.03
O02107,2024-09-28,C0029,P015,East,1.0,500,0.05,500,25.0,475.0,370.04,104.96
O02108,2025-06-03,C0080,P011,West,4.0,2200,0.05,8800,440.0,8360.0,4850.01,3509.99
O02109,2024-12-05,C0080,P009,West,4.0,1800,0.0,7200,0.0,7200.0,4566.61,2633.39
O02110,2024-01-20,C0063,P001,West,5.0,85000,0.0,425000,0.0,425000.0,321340.79,103659.21
O02111,2025-01-22,C0095,P002,West,2.0,65000,0.1,130000,13000.0,117000.0,86157.79,30842.21
O02112,2024-02-06,C0054,P003,East,3.0,42000,0.0,126000,0.0,126000.0,85248.5,40751.5
O02113,2025-11-11,C0003,P010,North,3.0,1200,0.05,3600,180.0,3420.0,2425.95,994.05
O02114,2025-03-15,C0061,P005,East,4.0,4500,0.02,18000,360.0,17640.0,10882.37,6757.63
O02115,2024-09-28,C0078,P004,North,4.0,22000,0.05,88000,4400.0,83600.0,65540.26,18059.74
O02116,2024-12-21,C0011,P011,North,5.0,2200,0.05,11000,550.0,10450.0,6355.93,4094.07
O02117,2025-03-28,C0011,P013,North,5.0,10500,0.02,52500,1050.0,51450.0,36065.28,15384.72
O02118,2024-07-09,C0028,P007,West,1.0,9000,0.05,9000,450.0,8550.0,5362.99,3187.01
O02119,2024-07-29,C0085,P014,East,2.0,700,0.05,1400,70.0,1330.0,787.59,542.41
O02120,2024-11-02,C0053,P012,West,4.0,14500,0.0,58000,0.0,58000.0,34143.2,23856.8
O02121,2024-07-08,C0098,P011,West,3.0,2200,0.02,6600,132.0,6468.0,5179.15,1288.85
O02122,2025-07-08,C0088,P014,West,3.0,700,0.05,2100,105.0,1995.0,1254.88,740.12
O02123,2024-03-16,C0056,P003,North,1.0,42000,0.05,42000,2100.0,39900.0,26256.71,13643.29
O02124,2025-08-27,C0068,P012,West,3.0,14500,0.05,43500,2175.0,41325.0,25546.92,15778.08
O02125,2024-09-11,C0034,P015,West,4.0,500,0.1,2000,200.0,1800.0,1497.19,302.81
O02126,2025-02-14,C0010,P015,West,1.0,500,0.0,500,0.0,500.0,335.14,164.86
O02127,2024-04-25,C0040,P009,North,3.0,1800,0.0,5400,0.0,5400.0,4345.82,1054.18
O02128,2024-10-08,C0060,P012,North,5.0,14500,0.05,72500,3625.0,68875.0,52879.15,15995.85
O02129,2025-07-05,C0019,P014,West,3.0,700,0.05,2100,105.0,1995.0,1456.3,538.7
O02130,2024-07-16,C0023,P013,North,5.0,10500,0.1,52500,5250.0,47250.0,38182.74,9067.26
O02131,2024-04-06,C0002,P014,South,2.0,700,0.0,1400,0.0,1400.0,785.28,614.72
O02132,2025-01-16,C0074,P013,South,1.0,10500,0.05,10500,525.0,9975.0,8470.12,1504.88
O02133,2024-04-28,C0090,P006,North,4.0,3200,0.05,12800,640.0,12160.0,10345.42,1814.58
O02134,2024-08-18,C0083,P011,North,2.0,2200,0.0,4400,0.0,4400.0,2748.05,1651.95
O02135,2024-11-25,C0038,P007,West,1.0,9000,0.05,9000,450.0,8550.0,6476.76,2073.24
O02136,2025-02-16,C0060,P013,West,1.0,10500,0.05,10500,525.0,9975.0,6347.43,3627.57
O02137,2025-04-12,C0097,P013,West,5.0,10500,0.0,52500,0.0,52500.0,36635.41,15864.59
O02138,2025-05-09,C0060,P015,North,4.0,500,0.02,2000,40.0,1960.0,1516.23,443.77
O02139,2025-09-09,C0030,P009,North,2.0,1800,0.0,3600,0.0,3600.0,2893.51,706.49
O02140,2024-02-18,C0034,P008,South,3.0,12000,0.1,36000,3600.0,32400.0,23097.19,9302.81
O02141,2024-09-21,C0073,P003,South,2.0,42000,0.0,84000,0.0,84000.0,61928.7,22071.3
O02142,2024-01-01,C0045,P010,North,1.0,1200,0.0,1200,0.0,1200.0,892.12,307.88
O02143,2024-01-07,C0084,P009,West,5.0,1800,0.0,9000,0.0,9000.0,5487.39,3512.61
O02144,2024-06-04,C0087,P008,West,5.0,12000,0.0,60000,0.0,60000.0,43190.32,16809.68
O02145,2025-03-13,C0004,P011,South,2.0,2200,0.0,4400,0.0,4400.0,3198.64,1201.36
O02146,2025-10-15,C0073,P013,South,2.0,10500,0.05,21000,1050.0,19950.0,15882.31,4067.69
O02147,2025-07-19,C0037,P003,South,5.0,42000,0.0,210000,0.0,210000.0,172197.01,37802.99
O02148,2025-04-17,C0052,P007,North,3.0,9000,0.02,27000,540.0,26460.0,15143.29,11316.71
O02149,2025-07-22,C0027,P011,North,2.0,2200,0.0,4400,0.0,4400.0,2660.34,1739.66
O02150,2024-05-05,C0037,P013,South,2.0,10500,0.02,21000,420.0,20580.0,12372.59,8207.41
O02151,2025-09-05,C0034,P012,South,3.0,14500,0.0,43500,0.0,43500.0,25738.83,17761.17
O02152,2025-10-12,C0006,P012,South,3.0,14500,0.05,43500,2175.0,41325.0,29260.15,12064.85
O02153,2024-03-10,C0079,P013,West,1.0,10500,0.05,10500,525.0,9975.0,8265.65,1709.35
O02154,2024-12-09,C0015,P015,North,3.0,500,0.05,1500,75.0,1425.0,1006.73,418.27
O02155,2025-08-29,C0038,P010,North,3.0,1200,0.0,3600,0.0,3600.0,2629.76,970.24
O02156,2024-12-14,C0020,P004,North,2.0,22000,0.1,44000,4400.0,39600.0,28672.81,10927.19
O02157,2025-09-06,C0017,P009,North,2.0,1800,0.05,3600,180.0,3420.0,2290.71,1129.29
O02158,2025-11-14,C0038,P011,East,3.0,2200,0.0,6600,0.0,6600.0,5116.61,1483.39
O02159,2024-12-12,C0092,P002,West,2.0,65000,0.02,130000,2600.0,127400.0,94509.72,32890.28
O02160,2024-02-13,C0095,P012,West,5.0,14500,0.1,72500,7250.0,65250.0,46743.78,18506.22
O02161,2024-09-05,C0039,P009,East,3.0,1800,0.02,5400,108.0,5292.0,4302.85,989.15
O02162,2024-06-06,C0051,P015,South,3.0,500,0.02,1500,30.0,1470.0,1026.9,443.1
O02163,2024-12-12,C0099,P004,North,2.0,22000,0.05,44000,2200.0,41800.0,26436.7,15363.3
O02164,2025-03-04,C0024,P014,South,5.0,700,0.0,3500,0.0,3500.0,2381.64,1118.36
O02165,2024-12-05,C0095,P007,South,1.0,9000,0.15,9000,1350.0,7650.0,6589.52,1060.48
O02166,2024-05-22,C0011,P009,West,3.0,1800,0.0,5400,0.0,5400.0,3505.25,1894.75
O02167,2024-08-08,C0023,P010,South,1.0,1200,0.0,1200,0.0,1200.0,933.39,266.61
O02168,2025-05-11,C0034,P009,North,4.0,1800,0.0,7200,0.0,7200.0,4996.43,2203.57
O02169,2024-01-20,C0004,P014,North,2.0,700,0.02,1400,28.0,1372.0,946.82,425.18
O02170,2024-06-05,C0082,P003,North,2.0,42000,0.1,84000,8400.0,75600.0,65675.58,9924.42
O02171,2025-10-14,C0086,P011,West,1.0,2200,0.1,2200,220.0,1980.0,1484.97,495.03
O02172,2024-03-13,C0039,P015,North,4.0,500,0.1,2000,200.0,1800.0,1323.78,476.22
O02173,2024-10-30,C0084,P004,North,2.0,22000,0.05,44000,2200.0,41800.0,25432.15,16367.85
O02174,2024-05-31,C0078,P004,North,2.0,22000,0.02,44000,880.0,43120.0,28506.4,14613.6
O02175,2024-03-17,C0081,P008,West,5.0,12000,0.02,60000,1200.0,58800.0,39432.18,19367.82
O02176,2024-11-05,C0081,P011,South,1.0,2200,0.0,2200,0.0,2200.0,1317.29,882.71
O02177,2025-01-16,C0058,P015,East,3.0,500,0.1,1500,150.0,1350.0,1063.07,286.93
O02178,2024-05-08,C0012,P012,South,1.0,14500,0.05,14500,725.0,13775.0,8538.14,5236.86
O02179,2024-02-26,C0093,P012,North,1.0,14500,0.05,14500,725.0,13775.0,8850.75,4924.25
O02180,2024-04-08,C0061,P007,West,1.0,9000,0.05,9000,450.0,8550.0,6313.45,2236.55
O02181,2025-04-21,C0091,P010,North,1.0,1200,0.1,1200,120.0,1080.0,747.15,332.85
O02182,2025-09-20,C0096,P004,North,5.0,22000,0.0,110000,0.0,110000.0,79498.15,30501.85
O02183,2024-05-11,C0019,P007,East,3.0,9000,0.05,27000,1350.0,25650.0,19883.84,5766.16
O02184,2024-08-22,C0041,P003,North,5.0,42000,0.05,210000,10500.0,199500.0,132583.17,66916.83
O02185,2024-09-08,C0020,P001,North,2.0,85000,0.1,170000,17000.0,153000.0,97511.09,55488.91
O02186,2024-09-20,C0006,P013,West,4.0,10500,0.0,42000,0.0,42000.0,28650.38,13349.62
O02187,2024-06-27,C0097,P013,South,1.0,10500,0.0,10500,0.0,10500.0,6038.37,4461.63
O02188,2024-02-10,C0093,P008,North,1.0,12000,0.05,12000,600.0,11400.0,8269.36,3130.64
O02189,2025-01-18,C0094,P001,South,1.0,85000,0.1,85000,8500.0,76500.0,63416.7,13083.3
O02190,2024-09-18,C0089,P002,East,5.0,65000,0.15,325000,48750.0,276250.0,233183.94,43066.06
O02191,2024-09-07,C0065,P002,North,4.0,65000,0.05,260000,13000.0,247000.0,174468.39,72531.61
O02192,2024-07-12,C0053,P011,North,4.0,2200,0.0,8800,0.0,8800.0,7087.36,1712.64
O02193,2025-11-10,C0100,P004,East,5.0,22000,0.0,110000,0.0,110000.0,63521.89,46478.11
O02194,2025-03-22,C0056,P004,East,2.0,22000,0.05,44000,2200.0,41800.0,34654.42,7145.58
O02195,2024-11-02,C0065,P013,West,4.0,10500,0.0,42000,0.0,42000.0,32173.46,9826.54
O02196,2024-05-30,C0022,P014,South,3.0,700,0.05,2100,105.0,1995.0,1392.99,602.01
O02197,2025-08-08,C0075,P012,North,3.0,14500,0.1,43500,4350.0,39150.0,25720.42,13429.58
O02198,2025-10-11,C0082,P005,South,4.0,4500,0.02,18000,360.0,17640.0,10657.51,6982.49
O02199,2024-01-24,C0068,P009,East,3.0,1800,0.02,5400,108.0,5292.0,4313.99,978.01
O02200,2025-11-10,C0050,P004,North,1.0,22000,0.0,22000,0.0,22000.0,13488.21,8511.79
O02201,2025-05-26,C0020,P013,South,1.0,10500,0.02,10500,210.0,10290.0,8253.12,2036.88
O02202,2024-03-13,C0004,P002,North,3.0,65000,0.05,195000,9750.0,185250.0,133748.49,51501.51
O02203,2025-07-04,C0063,P012,West,3.0,14500,0.02,43500,870.0,42630.0,29348.07,13281.93
O02204,2024-03-19,C0069,P008,West,4.0,12000,0.0,48000,0.0,48000.0,34428.87,13571.13
O02205,2024-02-07,C0078,P012,South,3.0,14500,0.0,43500,0.0,43500.0,26450.63,17049.37
O02206,2024-03-25,C0096,P007,West,1.0,9000,0.0,9000,0.0,9000.0,5990.94,3009.06
O02207,2024-12-02,C0050,P003,West,2.0,42000,0.05,84000,4200.0,79800.0,67484.83,12315.17
O02208,2025-03-28,C0083,P012,North,3.0,14500,0.05,43500,2175.0,41325.0,26723.33,14601.67
O02209,2024-10-24,C0072,P010,South,5.0,1200,0.05,6000,300.0,5700.0,4792.97,907.03
O02210,2024-03-30,C0028,P007,East,3.0,9000,0.05,27000,1350.0,25650.0,22097.79,3552.21
O02211,2024-05-25,C0085,P006,North,4.0,3200,0.0,12800,0.0,12800.0,7219.39,5580.61
O02212,2025-09-15,C0006,P006,South,4.0,3200,0.05,12800,640.0,12160.0,8876.45,3283.55
O02213,2025-12-04,C0060,P008,North,2.0,12000,0.0,24000,0.0,24000.0,14313.39,9686.61
O02214,2025-07-05,C0095,P004,West,5.0,22000,0.1,110000,11000.0,99000.0,78964.91,20035.09
O02215,2024-03-16,C0066,P005,South,4.0,4500,0.0,18000,0.0,18000.0,14709.18,3290.82
O02216,2025-08-22,C0094,P005,West,5.0,4500,0.02,22500,450.0,22050.0,17823.55,4226.45
O02217,2025-05-20,C0006,P001,South,4.0,85000,0.0,340000,0.0,340000.0,271901.09,68098.91
O02218,2025-01-19,C0054,P014,North,4.0,700,0.1,2800,280.0,2520.0,1701.29,818.71
O02219,2024-04-14,C0079,P004,West,1.0,22000,0.0,22000,0.0,22000.0,15321.38,6678.62
O02220,2025-12-29,C0065,P003,North,3.0,42000,0.1,126000,12600.0,113400.0,77288.95,36111.05
O02221,2024-11-19,C0089,P003,North,1.0,42000,0.0,42000,0.0,42000.0,33299.48,8700.52
O02222,2024-02-02,C0047,P015,South,4.0,500,0.1,2000,200.0,1800.0,1203.22,596.78
O02223,2024-06-02,C0069,P008,East,4.0,12000,0.05,48000,2400.0,45600.0,28395.31,17204.69
O02224,2024-10-20,C0042,P005,South,3.0,4500,0.0,13500,0.0,13500.0,7469.33,6030.67
O02225,2024-02-15,C0088,P007,North,2.0,9000,0.0,18000,0.0,18000.0,10784.27,7215.73
O02226,2024-08-24,C0012,P002,North,1.0,65000,0.02,65000,1300.0,63700.0,39080.34,24619.66
O02227,2024-12-08,C0026,P005,North,4.0,4500,0.1,18000,1800.0,16200.0,10276.6,5923.4
O02228,2025-11-24,C0010,P004,North,4.0,22000,0.1,88000,8800.0,79200.0,69017.53,10182.47
O02229,2024-03-04,C0071,P013,South,3.0,10500,0.0,31500,0.0,31500.0,23958.88,7541.12
O02230,2025-02-25,C0024,P001,North,4.0,85000,0.02,340000,6800.0,333200.0,210361.4,122838.6
O02231,2025-10-31,C0032,P007,North,4.0,9000,0.0,36000,0.0,36000.0,27413.26,8586.74
O02232,2025-08-12,C0084,P012,East,3.0,14500,0.0,43500,0.0,43500.0,28883.32,14616.68
O02233,2025-11-07,C0037,P013,East,1.0,10500,0.05,10500,525.0,9975.0,7973.6,2001.4
O02234,2024-05-04,C0015,P008,North,5.0,12000,0.02,60000,1200.0,58800.0,38232.72,20567.28
O02235,2025-08-08,C0003,P004,South,3.0,22000,0.0,66000,0.0,66000.0,46362.14,19637.86
O02236,2025-12-16,C0023,P006,North,4.0,3200,0.1,12800,1280.0,11520.0,8358.85,3161.15
O02237,2024-08-26,C0092,P004,West,5.0,22000,0.05,110000,5500.0,104500.0,66073.97,38426.03
O02238,2024-12-30,C0055,P010,North,2.0,1200,0.1,2400,240.0,2160.0,1699.49,460.51
O02239,2025-01-23,C0100,P005,North,4.0,4500,0.0,18000,0.0,18000.0,13549.04,4450.96
O02240,2024-12-26,C0022,P010,South,1.0,1200,0.1,1200,120.0,1080.0,904.01,175.99
O02241,2024-07-30,C0036,P010,North,5.0,1200,0.05,6000,300.0,5700.0,3877.19,1822.81
O02242,2025-12-10,C0017,P015,North,1.0,500,0.05,500,25.0,475.0,345.03,129.97
O02243,2025-11-30,C0040,P006,North,3.0,3200,0.0,9600,0.0,9600.0,7259.71,2340.29
O02244,2024-10-05,C0057,P015,East,2.0,500,0.1,1000,100.0,900.0,564.71,335.29
O02245,2025-08-11,C0081,P007,East,1.0,9000,0.05,9000,450.0,8550.0,5124.69,3425.31
O02246,2024-10-17,C0037,P011,East,3.0,2200,0.1,6600,660.0,5940.0,4300.43,1639.57
O02247,2025-08-04,C0078,P010,West,5.0,1200,0.05,6000,300.0,5700.0,3662.02,2037.98
O02248,2025-03-03,C0063,P013,South,1.0,10500,0.1,10500,1050.0,9450.0,6837.12,2612.88
O02249,2024-12-09,C0030,P008,West,2.0,12000,0.05,24000,1200.0,22800.0,13807.52,8992.48
O02250,2024-04-03,C0092,P012,East,1.0,14500,0.1,14500,1450.0,13050.0,10292.71,2757.29
O02251,2025-04-23,C0044,P006,West,1.0,3200,0.0,3200,0.0,3200.0,2340.38,859.62
O02252,2024-08-22,C0016,P008,East,2.0,12000,0.0,24000,0.0,24000.0,18331.13,5668.87
O02253,2024-06-07,C0097,P008,South,3.0,12000,0.05,36000,1800.0,34200.0,26123.08,8076.92
O02254,2024-05-21,C0092,P011,North,4.0,2200,0.05,8800,440.0,8360.0,5781.8,2578.2
O02255,2025-12-18,C0005,P010,South,4.0,1200,0.05,4800,240.0,4560.0,3851.67,708.33
O02256,2024-03-16,C0091,P002,North,4.0,65000,0.05,260000,13000.0,247000.0,193988.51,53011.49
O02257,2025-08-06,C0095,P013,South,4.0,10500,0.05,42000,2100.0,39900.0,29083.91,10816.09
O02258,2025-09-25,C0083,P012,North,2.0,14500,0.1,29000,2900.0,26100.0,17569.64,8530.36
O02259,2024-01-23,C0026,P002,North,5.0,65000,0.02,325000,6500.0,318500.0,235697.56,82802.44
O02260,2025-03-06,C0064,P015,West,1.0,500,0.1,500,50.0,450.0,354.88,95.12
O02261,2025-02-26,C0054,P010,East,4.0,1200,0.0,4800,0.0,4800.0,3525.6,1274.4
O02262,2024-09-19,C0063,P002,East,1.0,65000,0.05,65000,3250.0,61750.0,49458.74,12291.26
O02263,2025-05-02,C0062,P008,South,4.0,12000,0.1,48000,4800.0,43200.0,38259.04,4940.96
O02264,2024-10-25,C0064,P013,East,1.0,10500,0.02,10500,210.0,10290.0,8465.58,1824.42
O02265,2024-11-17,C0052,P005,West,2.0,4500,0.02,9000,180.0,8820.0,6481.35,2338.65
O02266,2024-11-11,C0070,P014,East,2.0,700,0.02,1400,28.0,1372.0,1135.13,236.87
O02267,2025-08-08,C0053,P007,East,4.0,9000,0.05,36000,1800.0,34200.0,28659.03,5540.97
O02268,2025-04-07,C0002,P004,South,1.0,22000,0.02,22000,440.0,21560.0,12115.53,9444.47
O02269,2024-10-04,C0004,P006,South,2.0,3200,0.0,6400,0.0,6400.0,4621.8,1778.2
O02270,2025-11-08,C0096,P008,East,2.0,12000,0.1,24000,2400.0,21600.0,14356.48,7243.52
O02271,2025-08-09,C0091,P011,West,4.0,2200,0.0,8800,0.0,8800.0,5541.38,3258.62
O02272,2025-11-12,C0059,P014,South,5.0,700,0.05,3500,175.0,3325.0,2206.14,1118.86
O02273,2025-06-17,C0018,P003,South,4.0,42000,0.05,168000,8400.0,159600.0,114314.76,45285.24
O02274,2024-10-13,C0079,P015,South,3.0,500,0.0,1500,0.0,1500.0,829.4,670.6
O02275,2025-07-19,C0015,P008,South,2.0,12000,0.0,24000,0.0,24000.0,14727.96,9272.04
O02276,2024-08-28,C0038,P002,West,5.0,65000,0.15,325000,48750.0,276250.0,181305.36,94944.64
O02277,2024-07-17,C0033,P014,East,1.0,700,0.05,700,35.0,665.0,507.96,157.04
O02278,2024-11-25,C0002,P006,South,1.0,3200,0.0,3200,0.0,3200.0,2528.34,671.66
O02279,2025-12-09,C0081,P010,South,2.0,1200,0.1,2400,240.0,2160.0,1966.57,193.43
O02280,2025-02-19,C0051,P011,South,2.0,2200,0.05,4400,220.0,4180.0,2952.89,1227.11
O02281,2024-10-07,C0032,P001,North,3.0,85000,0.0,255000,0.0,255000.0,158160.72,96839.28
O02282,2024-12-03,C0051,P004,South,5.0,22000,0.05,110000,5500.0,104500.0,85837.18,18662.82
O02283,2024-07-31,C0001,P011,West,4.0,2200,0.05,8800,440.0,8360.0,5108.86,3251.14
O02284,2025-04-26,C0044,P005,East,2.0,4500,0.0,9000,0.0,9000.0,7317.4,1682.6
O02285,2024-09-13,C0052,P001,North,2.0,85000,0.1,170000,17000.0,153000.0,126311.04,26688.96
O02286,2025-02-09,C0034,P001,East,4.0,85000,0.02,340000,6800.0,333200.0,233261.2,99938.8
O02287,2024-09-27,C0084,P013,East,2.0,10500,0.02,21000,420.0,20580.0,12098.01,8481.99
O02288,2024-08-22,C0025,P003,North,5.0,42000,0.02,210000,4200.0,205800.0,116531.71,89268.29
O02289,2025-12-10,C0014,P002,East,3.0,65000,0.1,195000,19500.0,175500.0,135919.62,39580.38
O02290,2024-09-09,C0053,P009,East,3.0,1800,0.05,5400,270.0,5130.0,3573.39,1556.61
O02291,2024-02-21,C0089,P002,West,5.0,65000,0.1,325000,32500.0,292500.0,252693.81,39806.19
O02292,2024-10-03,C0038,P010,North,2.0,1200,0.0,2400,0.0,2400.0,1736.21,663.79
O02293,2025-01-23,C0005,P009,North,3.0,1800,0.1,5400,540.0,4860.0,3599.7,1260.3
O02294,2024-03-10,C0097,P010,South,3.0,1200,0.05,3600,180.0,3420.0,2199.68,1220.32
O02295,2024-08-11,C0045,P008,North,2.0,12000,0.02,24000,480.0,23520.0,16313.14,7206.86
O02296,2024-05-01,C0018,P012,South,1.0,14500,0.0,14500,0.0,14500.0,8613.12,5886.88
O02297,2024-12-31,C0062,P010,West,2.0,1200,0.1,2400,240.0,2160.0,1752.22,407.78
O02298,2025-06-12,C0032,P007,North,1.0,9000,0.0,9000,0.0,9000.0,6421.92,2578.08
O02299,2025-12-08,C0094,P001,South,4.0,85000,0.05,340000,17000.0,323000.0,261364.55,61635.45
O02300,2024-10-11,C0030,P005,West,1.0,4500,0.05,4500,225.0,4275.0,3021.18,1253.82
O02301,2025-09-23,C0056,P002,South,2.0,65000,0.0,130000,0.0,130000.0,81280.56,48719.44
O02302,2024-06-05,C0055,P001,South,5.0,85000,0.15,425000,63750.0,361250.0,329726.37,31523.63
O02303,2025-07-24,C0025,P005,South,3.0,4500,0.1,13500,1350.0,12150.0,9943.68,2206.32
O02304,2025-02-15,C0050,P004,North,4.0,22000,0.05,88000,4400.0,83600.0,65191.41,18408.59
O02305,2025-07-08,C0011,P002,North,4.0,65000,0.05,260000,13000.0,247000.0,180071.54,66928.46
O02306,2025-07-06,C0065,P005,East,2.0,4500,0.05,9000,450.0,8550.0,7078.63,1471.37
O02307,2025-01-24,C0076,P008,South,4.0,12000,0.05,48000,2400.0,45600.0,29352.07,16247.93
O02308,2024-07-07,C0096,P003,North,2.0,42000,0.0,84000,0.0,84000.0,55310.38,28689.62
O02309,2025-01-19,C0033,P005,North,4.0,4500,0.02,18000,360.0,17640.0,13769.69,3870.31
O02310,2025-08-27,C0029,P001,West,4.0,85000,0.02,340000,6800.0,333200.0,199205.81,133994.19
O02311,2025-12-10,C0055,P001,North,5.0,85000,0.05,425000,21250.0,403750.0,326480.56,77269.44
O02312,2025-11-09,C0070,P003,East,5.0,42000,0.05,210000,10500.0,199500.0,135492.15,64007.85
O02313,2024-05-12,C0100,P007,South,1.0,9000,0.0,9000,0.0,9000.0,5254.97,3745.03
O02314,2025-03-12,C0003,P010,East,2.0,1200,0.15,2400,360.0,2040.0,1371.29,668.71
O02315,2024-03-17,C0024,P012,North,3.0,14500,0.0,43500,0.0,43500.0,33826.37,9673.63
O02316,2025-05-04,C0027,P010,North,2.0,1200,0.0,2400,0.0,2400.0,1824.54,575.46
O02317,2025-12-26,C0026,P010,South,4.0,1200,0.02,4800,96.0,4704.0,3013.3,1690.7
O02318,2024-02-08,C0047,P015,East,5.0,500,0.05,2500,125.0,2375.0,1453.54,921.46
O02319,2025-04-24,C0088,P004,North,2.0,22000,0.0,44000,0.0,44000.0,27137.14,16862.86
O02320,2025-11-22,C0004,P012,South,5.0,14500,0.05,72500,3625.0,68875.0,44044.23,24830.77
O02321,2025-09-11,C0082,P015,South,5.0,500,0.05,2500,125.0,2375.0,1869.81,505.19
O02322,2024-10-13,C0062,P009,North,5.0,1800,0.0,9000,0.0,9000.0,5473.82,3526.18
O02323,2024-03-16,C0062,P013,East,1.0,10500,0.15,10500,1575.0,8925.0,6387.64,2537.36
O02324,2025-11-06,C0068,P003,North,2.0,42000,0.02,84000,1680.0,82320.0,46931.84,35388.16
O02325,2025-11-04,C0012,P014,South,1.0,700,0.05,700,35.0,665.0,497.81,167.19
O02326,2025-02-27,C0075,P009,North,1.0,1800,0.0,1800,0.0,1800.0,1324.84,475.16
O02327,2025-12-16,C0025,P004,South,1.0,22000,0.05,22000,1100.0,20900.0,15981.73,4918.27
O02328,2024-01-04,C0052,P001,North,3.0,85000,0.1,255000,25500.0,229500.0,179398.05,50101.95
O02329,2025-03-26,C0068,P011,South,1.0,2200,0.0,2200,0.0,2200.0,1783.85,416.15
O02330,2024-01-29,C0061,P007,South,2.0,9000,0.0,18000,0.0,18000.0,12197.51,5802.49
O02331,2025-11-14,C0033,P005,West,5.0,4500,0.02,22500,450.0,22050.0,17600.33,4449.67
O02332,2025-05-12,C0040,P006,South,5.0,3200,0.0,16000,0.0,16000.0,11590.76,4409.24
O02333,2025-10-29,C0048,P015,West,5.0,500,0.15,2500,375.0,2125.0,1431.81,693.19
O02334,2025-02-15,C0005,P007,North,1.0,9000,0.05,9000,450.0,8550.0,6918.51,1631.49
O02335,2024-03-01,C0073,P002,South,4.0,65000,0.05,260000,13000.0,247000.0,184024.08,62975.92
O02336,2024-01-20,C0010,P005,North,4.0,4500,0.15,18000,2700.0,15300.0,13076.13,2223.87
O02337,2024-09-02,C0046,P003,South,1.0,42000,0.1,42000,4200.0,37800.0,25143.78,12656.22
O02338,2025-06-27,C0066,P011,East,5.0,2200,0.1,11000,1100.0,9900.0,7349.35,2550.65
O02339,2024-04-20,C0009,P013,West,3.0,10500,0.02,31500,630.0,30870.0,24814.35,6055.65
O02340,2025-09-14,C0100,P013,East,5.0,10500,0.02,52500,1050.0,51450.0,31928.74,19521.26
O02341,2024-06-24,C0038,P010,East,1.0,1200,0.02,1200,24.0,1176.0,660.04,515.96
O02342,2024-12-28,C0002,P012,North,4.0,14500,0.02,58000,1160.0,56840.0,35932.59,20907.41
O02343,2024-05-28,C0066,P007,North,1.0,9000,0.02,9000,180.0,8820.0,6134.73,2685.27
O02344,2024-12-06,C0056,P010,West,5.0,1200,0.0,6000,0.0,6000.0,4630.47,1369.53
O02345,2024-11-26,C0065,P002,North,4.0,65000,0.02,260000,5200.0,254800.0,188159.02,66640.98
O02346,2024-01-05,C0076,P009,North,1.0,1800,0.02,1800,36.0,1764.0,1436.66,327.34
O02347,2025-02-19,C0048,P009,West,2.0,1800,0.02,3600,72.0,3528.0,2422.81,1105.19
O02348,2025-07-29,C0083,P001,West,2.0,85000,0.0,170000,0.0,170000.0,111438.42,58561.58
O02349,2025-11-15,C0038,P009,East,1.0,1800,0.02,1800,36.0,1764.0,1102.47,661.53
O02350,2024-08-29,C0055,P011,South,1.0,2200,0.05,2200,110.0,2090.0,1339.53,750.47
O02351,2025-10-05,C0016,P006,West,5.0,3200,0.05,16000,800.0,15200.0,11979.99,3220.01
O02352,2025-10-04,C0062,P009,North,5.0,1800,0.05,9000,450.0,8550.0,5145.27,3404.73
O02353,2025-12-23,C0027,P005,South,3.0,4500,0.0,13500,0.0,13500.0,8309.69,5190.31
O02354,2024-09-29,C0070,P005,South,5.0,4500,0.0,22500,0.0,22500.0,17756.81,4743.19
O02355,2025-09-14,C0081,P002,West,4.0,65000,0.02,260000,5200.0,254800.0,183499.84,71300.16
O02356,2025-02-17,C0086,P005,West,1.0,4500,0.0,4500,0.0,4500.0,2531.6,1968.4
O02357,2024-02-12,C0093,P013,East,4.0,10500,0.02,42000,840.0,41160.0,31086.25,10073.75
O02358,2024-07-16,C0013,P015,North,1.0,500,0.15,500,75.0,425.0,343.4,81.6
O02359,2025-05-06,C0014,P010,South,5.0,1200,0.0,6000,0.0,6000.0,4684.33,1315.67
O02360,2024-04-27,C0093,P010,North,2.0,1200,0.02,2400,48.0,2352.0,1762.22,589.78
O02361,2024-11-13,C0039,P010,West,1.0,1200,0.05,1200,60.0,1140.0,661.44,478.56
O02362,2025-07-20,C0003,P008,North,2.0,12000,0.05,24000,1200.0,22800.0,14533.19,8266.81
O02363,2024-04-19,C0029,P007,North,4.0,9000,0.0,36000,0.0,36000.0,22307.41,13692.59
O02364,2024-12-29,C0084,P010,East,5.0,1200,0.0,6000,0.0,6000.0,4437.62,1562.38
O02365,2024-06-06,C0036,P012,South,3.0,14500,0.1,43500,4350.0,39150.0,29906.9,9243.1
O02366,2025-01-27,C0008,P007,West,1.0,9000,0.0,9000,0.0,9000.0,6766.3,2233.7
O02367,2024-06-24,C0073,P009,North,5.0,1800,0.05,9000,450.0,8550.0,6196.27,2353.73
O02368,2025-12-06,C0020,P008,West,4.0,12000,0.1,48000,4800.0,43200.0,30642.9,12557.1
O02369,2024-02-26,C0036,P005,North,3.0,4500,0.02,13500,270.0,13230.0,7802.84,5427.16
O02370,2025-12-05,C0001,P005,North,3.0,4500,0.05,13500,675.0,12825.0,8163.56,4661.44
O02371,2025-08-01,C0061,P002,South,5.0,65000,0.0,325000,0.0,325000.0,213918.45,111081.55
O02372,2025-09-17,C0045,P007,North,2.0,9000,0.02,18000,360.0,17640.0,12580.07,5059.93
O02373,2025-09-14,C0087,P011,East,1.0,2200,0.02,2200,44.0,2156.0,1767.55,388.45
O02374,2024-05-17,C0034,P011,North,1.0,2200,0.15,2200,330.0,1870.0,1352.39,517.61
O02375,2025-11-11,C0021,P015,North,4.0,500,0.0,2000,0.0,2000.0,1459.69,540.31
O02376,2025-03-10,C0017,P001,East,5.0,85000,0.0,425000,0.0,425000.0,251254.64,173745.36
O02377,2025-12-04,C0021,P012,North,4.0,14500,0.1,58000,5800.0,52200.0,43077.37,9122.63
O02378,2025-10-03,C0046,P012,East,4.0,14500,0.0,58000,0.0,58000.0,32077.6,25922.4
O02379,2025-02-27,C0009,P007,East,2.0,9000,0.1,18000,1800.0,16200.0,13087.77,3112.23
O02380,2024-09-30,C0041,P005,North,3.0,4500,0.05,13500,675.0,12825.0,8019.93,4805.07
O02381,2024-03-26,C0086,P006,West,1.0,3200,0.05,3200,160.0,3040.0,1915.8,1124.2
O02382,2024-03-14,C0077,P011,North,2.0,2200,0.1,4400,440.0,3960.0,3083.98,876.02
O02383,2024-10-11,C0064,P013,South,4.0,10500,0.05,42000,2100.0,39900.0,27357.17,12542.83
O02384,2025-08-15,C0090,P010,North,5.0,1200,0.0,6000,0.0,6000.0,4063.51,1936.49
O02385,2025-01-04,C0079,P008,West,5.0,12000,0.15,60000,9000.0,51000.0,38004.0,12996.0
O02386,2024-12-18,C0066,P010,East,5.0,1200,0.1,6000,600.0,5400.0,4844.62,555.38
O02387,2024-06-27,C0087,P002,South,1.0,65000,0.1,65000,6500.0,58500.0,40851.01,17648.99
O02388,2025-02-16,C0013,P010,West,5.0,1200,0.05,6000,300.0,5700.0,4178.12,1521.88
O02389,2025-04-11,C0082,P001,South,2.0,85000,0.05,170000,8500.0,161500.0,132714.92,28785.08
O02390,2025-12-18,C0030,P015,West,4.0,500,0.05,2000,100.0,1900.0,1458.66,441.34
O02391,2025-06-17,C0074,P014,East,5.0,700,0.0,3500,0.0,3500.0,2230.02,1269.98
O02392,2025-03-19,C0092,P008,West,5.0,12000,0.05,60000,3000.0,57000.0,41949.47,15050.53
O02393,2025-10-27,C0050,P006,West,4.0,3200,0.05,12800,640.0,12160.0,7326.82,4833.18
O02394,2024-11-06,C0009,P011,West,2.0,2200,0.05,4400,220.0,4180.0,3068.28,1111.72
O02395,2025-11-14,C0038,P010,North,3.0,1200,0.02,3600,72.0,3528.0,2399.31,1128.69
O02396,2024-09-27,C0041,P011,West,4.0,2200,0.05,8800,440.0,8360.0,6640.85,1719.15
O02397,2024-04-03,C0094,P008,West,3.0,12000,0.05,36000,1800.0,34200.0,28041.62,6158.38
O02398,2024-11-01,C0095,P004,East,3.0,22000,0.02,66000,1320.0,64680.0,39857.17,24822.83
O02399,2024-04-04,C0057,P002,North,3.0,65000,0.15,195000,29250.0,165750.0,111542.87,54207.13
O02400,2024-03-27,C0096,P005,West,3.0,4500,0.05,13500,675.0,12825.0,8848.58,3976.42
O02401,2025-10-06,C0044,P008,North,1.0,12000,0.0,12000,0.0,12000.0,8330.65,3669.35
O02402,2025-08-03,C0042,P007,South,5.0,9000,0.0,45000,0.0,45000.0,29328.14,15671.86
O02403,2024-06-10,C0084,P008,South,1.0,12000,0.05,12000,600.0,11400.0,8636.54,2763.46
O02404,2025-09-04,C0067,P005,North,5.0,4500,0.02,22500,450.0,22050.0,15446.83,6603.17
O02405,2024-02-20,C0053,P015,East,1.0,500,0.1,500,50.0,450.0,401.44,48.56
O02406,2024-07-26,C0046,P006,North,3.0,3200,0.0,9600,0.0,9600.0,6341.14,3258.86
O02407,2025-05-31,C0071,P013,East,3.0,10500,0.0,31500,0.0,31500.0,18026.61,13473.39
O02408,2024-08-10,C0076,P006,West,3.0,3200,0.02,9600,192.0,9408.0,6062.62,3345.38
O02409,2025-06-17,C0050,P007,South,3.0,9000,0.05,27000,1350.0,25650.0,19266.97,6383.03
O02410,2025-10-01,C0004,P010,East,5.0,1200,0.15,6000,900.0,5100.0,3714.76,1385.24
O02411,2024-02-18,C0011,P004,North,1.0,22000,0.1,22000,2200.0,19800.0,13697.79,6102.21
O02412,2024-01-18,C0015,P004,West,5.0,22000,0.05,110000,5500.0,104500.0,70585.3,33914.7
O02413,2025-11-18,C0047,P006,West,4.0,3200,0.1,12800,1280.0,11520.0,9618.67,1901.33
O02414,2025-01-15,C0062,P013,North,4.0,10500,0.0,42000,0.0,42000.0,33761.11,8238.89
O02415,2025-01-05,C0081,P003,East,1.0,42000,0.05,42000,2100.0,39900.0,27073.27,12826.73
O02416,2024-12-04,C0024,P007,South,1.0,9000,0.1,9000,900.0,8100.0,5425.04,2674.96
O02417,2024-11-12,C0079,P011,South,2.0,2200,0.02,4400,88.0,4312.0,2919.72,1392.28
O02418,2025-05-19,C0067,P011,East,2.0,2200,0.15,4400,660.0,3740.0,2837.99,902.01
O02419,2025-02-27,C0006,P007,South,4.0,9000,0.0,36000,0.0,36000.0,29423.04,6576.96
O02420,2024-04-29,C0036,P002,East,5.0,65000,0.0,325000,0.0,325000.0,219454.44,105545.56
O02421,2025-04-03,C0031,P001,North,3.0,85000,0.05,255000,12750.0,242250.0,187018.66,55231.34
O02422,2025-05-03,C0089,P008,South,4.0,12000,0.1,48000,4800.0,43200.0,38242.69,4957.31
O02423,2024-03-24,C0093,P013,West,1.0,10500,0.02,10500,210.0,10290.0,7558.39,2731.61
O02424,2024-10-02,C0082,P001,North,4.0,85000,0.1,340000,34000.0,306000.0,209892.94,96107.06
O02425,2025-07-31,C0053,P014,East,1.0,700,0.0,700,0.0,700.0,499.8,200.2
O02426,2025-03-28,C0050,P011,North,4.0,2200,0.05,8800,440.0,8360.0,5794.86,2565.14
O02427,2024-04-09,C0032,P001,West,2.0,85000,0.05,170000,8500.0,161500.0,112885.86,48614.14
O02428,2024-01-30,C0078,P006,East,3.0,3200,0.0,9600,0.0,9600.0,7818.41,1781.59
O02429,2025-02-28,C0009,P004,South,2.0,22000,0.05,44000,2200.0,41800.0,27509.66,14290.34
O02430,2024-12-03,C0028,P015,North,3.0,500,0.05,1500,75.0,1425.0,1014.92,410.08
O02431,2025-12-03,C0014,P009,South,5.0,1800,0.05,9000,450.0,8550.0,5338.48,3211.52
O02432,2025-01-16,C0050,P005,West,5.0,4500,0.0,22500,0.0,22500.0,13459.66,9040.34
O02433,2025-11-11,C0030,P005,South,2.0,4500,0.0,9000,0.0,9000.0,6416.47,2583.53
O02434,2024-06-05,C0020,P009,South,2.0,1800,0.15,3600,540.0,3060.0,2709.99,350.01
O02435,2024-11-23,C0038,P001,East,3.0,85000,0.05,255000,12750.0,242250.0,184070.26,58179.74
O02436,2024-04-12,C0087,P004,South,4.0,22000,0.1,88000,8800.0,79200.0,56223.79,22976.21
O02437,2025-02-23,C0056,P003,South,1.0,42000,0.05,42000,2100.0,39900.0,23776.07,16123.93
O02438,2024-05-17,C0083,P010,South,4.0,1200,0.1,4800,480.0,4320.0,3249.46,1070.54
O02439,2024-12-25,C0092,P011,North,5.0,2200,0.0,11000,0.0,11000.0,7547.68,3452.32
O02440,2024-09-08,C0091,P008,East,5.0,12000,0.05,60000,3000.0,57000.0,45484.56,11515.44
O02441,2024-05-15,C0036,P003,West,3.0,42000,0.05,126000,6300.0,119700.0,91082.65,28617.35
O02442,2024-03-11,C0088,P006,West,2.0,3200,0.0,6400,0.0,6400.0,5025.53,1374.47
O02443,2025-01-09,C0091,P013,West,2.0,10500,0.0,21000,0.0,21000.0,15989.51,5010.49
O02444,2025-11-23,C0096,P004,South,4.0,22000,0.05,88000,4400.0,83600.0,57093.26,26506.74
O02445,2024-05-25,C0036,P003,North,3.0,42000,0.1,126000,12600.0,113400.0,90808.17,22591.83
O02446,2024-10-23,C0023,P002,East,1.0,65000,0.05,65000,3250.0,61750.0,48864.88,12885.12
O02447,2024-06-13,C0059,P013,West,4.0,10500,0.0,42000,0.0,42000.0,33951.02,8048.98
O02448,2025-08-14,C0094,P002,East,1.0,65000,0.15,65000,9750.0,55250.0,43162.28,12087.72
O02449,2024-10-30,C0091,P009,South,5.0,1800,0.0,9000,0.0,9000.0,6525.33,2474.67
O02450,2025-12-13,C0058,P015,East,3.0,500,0.0,1500,0.0,1500.0,984.03,515.97
O02451,2024-06-28,C0015,P010,West,2.0,1200,0.15,2400,360.0,2040.0,1798.11,241.89
O02452,2024-02-29,C0043,P007,West,1.0,9000,0.1,9000,900.0,8100.0,7166.14,933.86
O02453,2025-03-01,C0072,P004,West,1.0,22000,0.1,22000,2200.0,19800.0,17560.2,2239.8
O02454,2025-04-21,C0057,P001,South,5.0,85000,0.1,425000,42500.0,382500.0,251775.79,130724.21
O02455,2025-12-25,C0035,P003,North,3.0,42000,0.05,126000,6300.0,119700.0,76243.37,43456.63
O02456,2025-09-29,C0035,P015,South,5.0,500,0.02,2500,50.0,2450.0,1884.58,565.42
O02457,2025-10-08,C0006,P003,South,5.0,42000,0.02,210000,4200.0,205800.0,151278.26,54521.74
O02458,2025-04-08,C0029,P001,West,1.0,85000,0.1,85000,8500.0,76500.0,67522.21,8977.79
O02459,2024-09-20,C0067,P013,South,2.0,10500,0.1,21000,2100.0,18900.0,13329.25,5570.75
O02460,2024-11-09,C0025,P007,South,5.0,9000,0.02,45000,900.0,44100.0,35053.45,9046.55
O02461,2024-04-07,C0100,P006,South,3.0,3200,0.02,9600,192.0,9408.0,7052.35,2355.65
O02462,2024-11-11,C0009,P011,East,3.0,2200,0.02,6600,132.0,6468.0,3978.3,2489.7
O02463,2024-09-23,C0059,P008,South,3.0,12000,0.02,36000,720.0,35280.0,21029.53,14250.47
O02464,2024-01-27,C0050,P014,North,4.0,700,0.1,2800,280.0,2520.0,2071.26,448.74
O02465,2024-05-29,C0084,P008,West,5.0,12000,0.0,60000,0.0,60000.0,35567.08,24432.92
O02466,2025-01-25,C0089,P011,South,5.0,2200,0.02,11000,220.0,10780.0,8409.16,2370.84
O02467,2024-09-26,C0055,P014,South,4.0,700,0.1,2800,280.0,2520.0,1961.16,558.84
O02468,2025-12-27,C0064,P007,North,3.0,9000,0.05,27000,1350.0,25650.0,18326.36,7323.64
O02469,2024-12-15,C0070,P005,South,2.0,4500,0.05,9000,450.0,8550.0,5619.54,2930.46
O02470,2025-12-01,C0053,P015,East,1.0,500,0.02,500,10.0,490.0,407.82,82.18
O02471,2025-04-27,C0019,P004,West,4.0,22000,0.0,88000,0.0,88000.0,65558.69,22441.31
O02472,2024-01-30,C0043,P001,North,1.0,85000,0.0,85000,0.0,85000.0,64606.56,20393.44
O02473,2024-05-28,C0025,P009,West,4.0,1800,0.0,7200,0.0,7200.0,5454.37,1745.63
O02474,2025-05-30,C0047,P015,East,3.0,500,0.0,1500,0.0,1500.0,1061.53,438.47
O02475,2025-02-02,C0062,P002,North,4.0,65000,0.0,260000,0.0,260000.0,208966.86,51033.14
O02476,2024-08-08,C0021,P013,North,5.0,10500,0.02,52500,1050.0,51450.0,37150.67,14299.33
O02477,2025-01-16,C0025,P013,North,3.0,10500,0.0,31500,0.0,31500.0,21747.99,9752.01
O02478,2025-10-22,C0083,P014,West,3.0,700,0.15,2100,315.0,1785.0,1310.19,474.81
O02479,2024-10-11,C0038,P007,North,3.0,9000,0.0,27000,0.0,27000.0,16903.85,10096.15
O02480,2024-02-02,C0020,P004,South,2.0,22000,0.02,44000,880.0,43120.0,32954.18,10165.82
O02481,2024-08-15,C0072,P008,East,1.0,12000,0.1,12000,1200.0,10800.0,7684.65,3115.35
O02482,2025-11-15,C0072,P003,West,1.0,42000,0.0,42000,0.0,42000.0,31363.58,10636.42
O02483,2025-07-10,C0083,P013,East,4.0,10500,0.05,42000,2100.0,39900.0,33903.69,5996.31
O02484,2025-09-04,C0076,P010,East,5.0,1200,0.1,6000,600.0,5400.0,4011.68,1388.32
O02485,2025-10-28,C0100,P008,North,1.0,12000,0.05,12000,600.0,11400.0,6915.34,4484.66
O02486,2024-03-26,C0058,P008,West,2.0,12000,0.0,24000,0.0,24000.0,17519.22,6480.78
O02487,2024-07-25,C0029,P011,North,4.0,2200,0.05,8800,440.0,8360.0,4862.63,3497.37
O02488,2024-02-13,C0087,P008,North,4.0,12000,0.05,48000,2400.0,45600.0,36599.57,9000.43
O02489,2024-01-04,C0027,P013,West,4.0,10500,0.02,42000,840.0,41160.0,29060.91,12099.09
O02490,2025-09-02,C0030,P014,North,4.0,700,0.0,2800,0.0,2800.0,1910.24,889.76
O02491,2025-11-15,C0083,P015,North,1.0,500,0.0,500,0.0,500.0,351.87,148.13
O02492,2024-04-23,C0089,P010,East,2.0,1200,0.1,2400,240.0,2160.0,1654.63,505.37
O02493,2025-06-11,C0034,P012,North,3.0,14500,0.02,43500,870.0,42630.0,27727.76,14902.24
O02494,2025-01-26,C0073,P005,North,1.0,4500,0.0,4500,0.0,4500.0,2817.03,1682.97
O02495,2024-02-20,C0093,P001,East,2.0,85000,0.05,170000,8500.0,161500.0,112562.15,48937.85
O02496,2025-10-31,C0080,P007,East,2.0,9000,0.1,18000,1800.0,16200.0,14249.26,1950.74
O02497,2025-09-28,C0001,P014,West,5.0,700,0.0,3500,0.0,3500.0,2052.93,1447.07
O02498,2025-02-18,C0067,P003,North,2.0,42000,0.0,84000,0.0,84000.0,53565.66,30434.34
O02499,2025-06-01,C0017,P009,South,5.0,1800,0.02,9000,180.0,8820.0,5417.29,3402.71
O02500,2024-10-17,C0085,P003,West,4.0,42000,0.05,168000,8400.0,159600.0,111774.93,47825.07
O00041,2025-04-09,C0044,P005,North,1.0,4500,0.0,4500,0.0,4500.0,3627.53,872.47
O00042,2024-07-31,C0071,P010,North,2.0,1200,0.02,2400,48.0,2352.0,1396.99,955.01
